"Station Name","ROUYN-NORANDA A"
"Province","QUEBEC"
"Current Station Operator","NAV Canada"
"Latitude","48.21"
"Longitude","-78.84"
"Elevation","301.10"
"Climate Identifier","7086719"
"WMO Identifier",""
"TC Identifier","YUY"
"All times are specified in Local Standard Time (LST). Add 1 hour to adjust for Daylight Saving Time where and when it is observed."

"Legend"
"E","Estimated"
"M","Missing"
"NA","Not Available"

"Date/Time","Year","Month","Day","Time","Temp","Temp Flag","Dew Point Temp","Dew Point Temp Flag","Rel Hum","Rel Hum Flag","Wind Dir","Wind Dir Flag","Wind Spd","Wind Spd Flag","Visibility","Visibility Flag","Stn Press","Stn Press Flag","Hmdx","Hmdx Flag","Wind Chill","Wind Chill Flag","Weather"
"2018-08-01 00:00","2018","08","01","00:00","18.0","","15.0","","82","","20","","5","","24.1","","97.89","","","","","","NA"
"2018-08-01 01:00","2018","08","01","01:00","18.2","","14.5","","79","","19","","11","","24.1","","97.86","","","","","","Mainly Clear"
"2018-08-01 02:00","2018","08","01","02:00","17.4","","14.4","","82","","19","","12","","24.1","","97.82","","","","","","NA"
"2018-08-01 03:00","2018","08","01","03:00","17.0","","14.4","","84","","20","","7","","24.1","","97.78","","","","","","NA"
"2018-08-01 04:00","2018","08","01","04:00","16.8","","14.3","","85","","21","","5","","24.1","","97.76","","","","","","Mostly Cloudy"
"2018-08-01 05:00","2018","08","01","05:00","16.8","","14.4","","85","","20","","5","","9.7","","97.78","","","","","","Fog"
"2018-08-01 06:00","2018","08","01","06:00","16.2","","14.3","","89","","27","","4","","12.9","","97.79","","","","","","NA"
"2018-08-01 07:00","2018","08","01","07:00","16.8","","14.8","","88","","16","","8","","12.9","","97.82","","","","","","Cloudy"
"2018-08-01 08:00","2018","08","01","08:00","18.5","","14.9","","80","","18","","9","","12.9","","97.82","","","","","","NA"
"2018-08-01 09:00","2018","08","01","09:00","19.3","","14.8","","75","","19","","6","","8.1","","97.77","","","","","","Smoke"
"2018-08-01 10:00","2018","08","01","10:00","20.4","","15.8","","74","","34","","3","","8.1","","97.72","","25","","","","Smoke"
"2018-08-01 11:00","2018","08","01","11:00","21.7","","16.3","","71","","34","","4","","9.7","","97.68","","27","","","","Smoke"
"2018-08-01 12:00","2018","08","01","12:00","23.0","","16.1","","65","","35","","3","","12.9","","97.67","","28","","","","NA"
"2018-08-01 13:00","2018","08","01","13:00","24.4","","14.1","","52","","25","","10","","19.3","","97.65","","28","","","","Cloudy"
"2018-08-01 14:00","2018","08","01","14:00","25.1","","13.5","","48","","20","","10","","80.5","","97.61","","28","","","","Smoke"
"2018-08-01 15:00","2018","08","01","15:00","24.5","","12.9","","48","","36","","1","","12.9","","97.56","","27","","","","NA"
"2018-08-01 16:00","2018","08","01","16:00","24.6","","14.3","","52","","28","","12","","12.9","","97.56","","28","","","","Cloudy"
"2018-08-01 17:00","2018","08","01","17:00","23.9","","16.3","","62","","29","","5","","12.9","","97.54","","29","","","","NA"
"2018-08-01 18:00","2018","08","01","18:00","22.9","","16.6","","67","","30","","5","","24.1","","97.54","","28","","","","NA"
"2018-08-01 19:00","2018","08","01","19:00","22.6","","18.1","","75","","33","","3","","16.1","","97.59","","29","","","","Mostly Cloudy"
"2018-08-01 20:00","2018","08","01","20:00","21.1","","17.5","","80","","2","","10","","16.1","","97.62","","27","","","","NA"
"2018-08-01 21:00","2018","08","01","21:00","19.8","","16.6","","82","","4","","9","","16.1","","97.64","","","","","","NA"
"2018-08-01 22:00","2018","08","01","22:00","18.7","","15.7","","82","","3","","14","","24.1","","97.65","","","","","","Cloudy"
"2018-08-01 23:00","2018","08","01","23:00","18.1","","15.1","","83","","1","","12","","24.1","","97.73","","","","","","NA"
"2018-08-02 00:00","2018","08","02","00:00","16.3","","14.0","","86","","4","","11","","24.1","","97.74","","","","","","NA"
"2018-08-02 01:00","2018","08","02","01:00","14.7","","12.7","","88","","2","","13","","24.1","","97.76","","","","","","Mostly Cloudy"
"2018-08-02 02:00","2018","08","02","02:00","13.3","","12.1","","92","","5","","8","","24.1","","97.76","","","","","","NA"
"2018-08-02 03:00","2018","08","02","03:00","13.5","","12.1","","91","","2","","7","","24.1","","97.82","","","","","","NA"
"2018-08-02 04:00","2018","08","02","04:00","12.8","","11.8","","94","","3","","6","","24.1","","97.78","","","","","","Mainly Clear"
"2018-08-02 05:00","2018","08","02","05:00","12.7","","11.7","","94","","36","","6","","24.1","","97.83","","","","","","NA"
"2018-08-02 06:00","2018","08","02","06:00","13.1","","11.9","","92","","2","","6","","24.1","","97.88","","","","","","NA"
"2018-08-02 07:00","2018","08","02","07:00","13.4","","11.9","","91","","2","","5","","24.1","","97.92","","","","","","Cloudy"
"2018-08-02 08:00","2018","08","02","08:00","14.3","","12.7","","90","","3","","7","","24.1","","97.93","","","","","","NA"
"2018-08-02 09:00","2018","08","02","09:00","14.9","","13.5","","91","","8","","10","","4.8","","97.93","","","","","","Drizzle"
"2018-08-02 10:00","2018","08","02","10:00","16.7","","14.3","","85","","13","","4","","24.1","","97.95","","","","","","Cloudy"
"2018-08-02 11:00","2018","08","02","11:00","18.3","","14.8","","80","","18","","5","","24.1","","97.94","","","","","","NA"
"2018-08-02 12:00","2018","08","02","12:00","20.9","","16.2","","75","","35","","4","","24.1","","97.87","","26","","","","NA"
"2018-08-02 13:00","2018","08","02","13:00","22.2","","17.3","","74","","2","","5","","24.1","","97.82","","28","","","","Mostly Cloudy"
"2018-08-02 14:00","2018","08","02","14:00","23.4","","16.9","","66","","27","","5","","24.1","","97.77","","29","","","","NA"
"2018-08-02 15:00","2018","08","02","15:00","22.2","","17.4","","74","","31","","13","","24.1","","97.71","","28","","","","NA"
"2018-08-02 16:00","2018","08","02","16:00","17.9","","17.5","","98","","32","","12","","6.4","","97.83","","","","","","Thunderstorms,Rain Showers"
"2018-08-02 17:00","2018","08","02","17:00","18.1","","16.9","","93","","21","","5","","19.3","","97.79","","","","","","NA"
"2018-08-02 18:00","2018","08","02","18:00","19.0","","17.9","","93","","21","","8","","24.1","","97.81","","","","","","NA"
"2018-08-02 19:00","2018","08","02","19:00","18.9","","17.5","","92","","26","","10","","24.1","","97.82","","","","","","Mostly Cloudy"
"2018-08-02 20:00","2018","08","02","20:00","18.1","","17.7","","97","","23","","5","","24.1","","97.87","","","","","","NA"
"2018-08-02 21:00","2018","08","02","21:00","17.6","","16.6","","94","","30","","10","","24.1","","97.94","","","","","","NA"
"2018-08-02 22:00","2018","08","02","22:00","16.3","","15.5","","95","","30","","9","","24.1","","97.97","","","","","","Mainly Clear"
"2018-08-02 23:00","2018","08","02","23:00","15.3","","14.6","","95","","28","","11","","24.1","","98.01","","","","","","NA"
"2018-08-03 00:00","2018","08","03","00:00","14.8","","13.8","","94","","30","","12","","24.1","","98.07","","","","","","NA"
"2018-08-03 01:00","2018","08","03","01:00","14.2","","13.2","","94","","30","","9","","24.1","","98.11","","","","","","Mostly Cloudy"
"2018-08-03 02:00","2018","08","03","02:00","13.7","","13.2","","96","","23","","3","","24.1","","98.11","","","","","","NA"
"2018-08-03 03:00","2018","08","03","03:00","12.7","","12.6","","99","","25","","5","","24.1","","98.16","","","","","","NA"
"2018-08-03 04:00","2018","08","03","04:00","13.4","","12.6","","95","","24","","4","","24.1","","98.18","","","","","","Mostly Cloudy"
"2018-08-03 05:00","2018","08","03","05:00","13.6","","12.7","","94","","29","","4","","24.1","","98.22","","","","","","NA"
"2018-08-03 06:00","2018","08","03","06:00","13.9","","12.6","","92","","33","","7","","24.1","","98.30","","","","","","NA"
"2018-08-03 07:00","2018","08","03","07:00","14.3","","12.8","","91","","29","","9","","24.1","","98.33","","","","","","Cloudy"
"2018-08-03 08:00","2018","08","03","08:00","15.2","","12.9","","86","","33","","15","","24.1","","98.36","","","","","","NA"
"2018-08-03 09:00","2018","08","03","09:00","16.0","","12.8","","81","","33","","8","","24.1","","98.38","","","","","","NA"
"2018-08-03 10:00","2018","08","03","10:00","16.9","","13.0","","78","","30","","4","","24.1","","98.40","","","","","","Cloudy"
"2018-08-03 11:00","2018","08","03","11:00","17.8","","13.6","","76","","19","","5","","24.1","","98.40","","","","","","NA"
"2018-08-03 12:00","2018","08","03","12:00","19.2","","14.6","","74","","17","","6","","24.1","","98.38","","","","","","NA"
"2018-08-03 13:00","2018","08","03","13:00","19.8","","15.0","","74","","24","","7","","24.1","","98.38","","","","","","Mostly Cloudy"
"2018-08-03 14:00","2018","08","03","14:00","20.1","","15.0","","72","","20","","4","","24.1","","98.37","","","","","","NA"
"2018-08-03 15:00","2018","08","03","15:00","20.7","","15.0","","70","","9","","8","","24.1","","98.30","","25","","","","NA"
"2018-08-03 16:00","2018","08","03","16:00","21.8","","15.8","","68","","3","","4","","24.1","","98.23","","26","","","","Mainly Clear"
"2018-08-03 17:00","2018","08","03","17:00","22.6","","16.3","","67","","1","","5","","24.1","","98.21","","27","","","","NA"
"2018-08-03 18:00","2018","08","03","18:00","22.4","","16.4","","69","","5","","4","","24.1","","98.18","","27","","","","NA"
"2018-08-03 19:00","2018","08","03","19:00","21.4","","17.0","","76","","7","","10","","24.1","","98.16","","27","","","","Mainly Clear"
"2018-08-03 20:00","2018","08","03","20:00","19.0","","16.6","","86","","8","","7","","24.1","","98.19","","","","","","NA"
"2018-08-03 21:00","2018","08","03","21:00","18.3","","16.4","","89","","9","","10","","24.1","","98.19","","","","","","NA"
"2018-08-03 22:00","2018","08","03","22:00","18.5","","16.2","","87","","9","","11","","24.1","","98.17","","","","","","Mostly Cloudy"
"2018-08-03 23:00","2018","08","03","23:00","18.4","","16.1","","86","","13","","10","","24.1","","98.16","","","","","","NA"
"2018-08-04 00:00","2018","08","04","00:00","17.4","","15.9","","91","","14","","10","","24.1","","98.11","","","","","","NA"
"2018-08-04 01:00","2018","08","04","01:00","16.9","","15.9","","94","","15","","6","","24.1","","98.07","","","","","","Mainly Clear"
"2018-08-04 02:00","2018","08","04","02:00","16.6","","15.8","","95","","36","","3","","24.1","","98.10","","","","","","NA"
"2018-08-04 03:00","2018","08","04","03:00","15.0","","14.8","","99","","15","","3","","24.1","","98.08","","","","","","NA"
"2018-08-04 04:00","2018","08","04","04:00","15.6","","15.6","","100","","36","","1","","16.1","","98.09","","","","","","Mainly Clear"
"2018-08-04 05:00","2018","08","04","05:00","16.4","","16.4","","100","","19","","8","","0.2","","98.12","","","","","","Fog"
"2018-08-04 06:00","2018","08","04","06:00","17.3","","17.3","","100","","21","","7","","0.8","","98.14","","","","","","Fog"
"2018-08-04 07:00","2018","08","04","07:00","18.2","","18.1","","100","","22","","12","","3.2","","98.13","","","","","","Fog"
"2018-08-04 08:00","2018","08","04","08:00","19.3","","18.0","","92","","23","","19","","24.1","","98.17","","","","","","NA"
"2018-08-04 09:00","2018","08","04","09:00","19.9","","17.7","","87","","27","","17","","24.1","","98.19","","","","","","NA"
"2018-08-04 10:00","2018","08","04","10:00","20.3","","17.9","","86","","24","","11","","24.1","","98.14","","26","","","","Mostly Cloudy"
"2018-08-04 11:00","2018","08","04","11:00","21.5","","18.6","","83","","24","","13","","24.1","","98.15","","28","","","","NA"
"2018-08-04 12:00","2018","08","04","12:00","23.0","","18.3","","75","","24","","11","","24.1","","98.14","","29","","","","NA"
"2018-08-04 13:00","2018","08","04","13:00","23.9","","17.2","","66","","25","","8","","24.1","","98.07","","29","","","","Mainly Clear"
"2018-08-04 14:00","2018","08","04","14:00","25.7","","17.3","","60","","25","","17","","24.1","","98.08","","31","","","","NA"
"2018-08-04 15:00","2018","08","04","15:00","26.1","","15.2","","50","","26","","22","","24.1","","98.07","","30","","","","NA"
"2018-08-04 16:00","2018","08","04","16:00","26.4","","14.2","","46","","26","","15","","24.1","","98.02","","30","","","","Mainly Clear"
"2018-08-04 17:00","2018","08","04","17:00","24.2","","14.3","","54","","24","","12","","24.1","","98.06","","28","","","","NA"
"2018-08-04 18:00","2018","08","04","18:00","24.4","","15.7","","58","","22","","9","","24.1","","98.03","","29","","","","NA"
"2018-08-04 19:00","2018","08","04","19:00","23.7","","16.5","","63","","19","","8","","24.1","","97.97","","29","","","","Mostly Cloudy"
"2018-08-04 20:00","2018","08","04","20:00","21.2","","16.6","","75","","15","","9","","24.1","","97.95","","26","","","","NA"
"2018-08-04 21:00","2018","08","04","21:00","20.1","","16.4","","79","","19","","7","","24.1","","98.01","","25","","","","NA"
"2018-08-04 22:00","2018","08","04","22:00","20.4","","16.0","","76","","17","","12","","24.1","","98.00","","25","","","","Mainly Clear"
"2018-08-04 23:00","2018","08","04","23:00","19.9","","16.1","","79","","18","","11","","24.1","","98.04","","","","","","NA"
"2018-08-05 00:00","2018","08","05","00:00","19.7","","16.6","","82","","18","","12","","24.1","","98.03","","","","","","NA"
"2018-08-05 01:00","2018","08","05","01:00","18.9","","16.5","","85","","19","","13","","24.1","","97.99","","","","","","Mainly Clear"
"2018-08-05 02:00","2018","08","05","02:00","18.6","","15.9","","84","","19","","8","","24.1","","98.00","","","","","","NA"
"2018-08-05 03:00","2018","08","05","03:00","19.0","","15.4","","80","","18","","11","","24.1","","97.97","","","","","","NA"
"2018-08-05 04:00","2018","08","05","04:00","18.8","","15.5","","81","","18","","9","","24.1","","97.93","","","","","","Mostly Cloudy"
"2018-08-05 05:00","2018","08","05","05:00","18.7","","15.8","","83","","17","","11","","24.1","","97.91","","","","","","NA"
"2018-08-05 06:00","2018","08","05","06:00","18.9","","16.0","","83","","19","","14","","24.1","","97.93","","","","","","NA"
"2018-08-05 07:00","2018","08","05","07:00","19.7","","16.7","","82","","20","","14","","24.1","","97.94","","","","","","Cloudy"
"2018-08-05 08:00","2018","08","05","08:00","20.3","","17.7","","85","","18","","15","","24.1","","97.88","","26","","","","Rain Showers"
"2018-08-05 09:00","2018","08","05","09:00","22.8","","18.3","","75","","21","","16","","24.1","","97.81","","29","","","","NA"
"2018-08-05 10:00","2018","08","05","10:00","26.8","","19.5","","64","","23","","26","","24.1","","97.75","","34","","","","Mostly Cloudy"
"2018-08-05 11:00","2018","08","05","11:00","26.8","","19.2","","63","","24","","32","","24.1","","97.75","","34","","","","NA"
"2018-08-05 12:00","2018","08","05","12:00","27.4","","19.4","","61","","22","","37","","24.1","","97.68","","34","","","","NA"
"2018-08-05 13:00","2018","08","05","13:00","28.5","","19.5","","57","","23","","39","","24.1","","97.68","","36","","","","Mainly Clear"
"2018-08-05 14:00","2018","08","05","14:00","29.7","","20.0","","55","","23","","26","","24.1","","97.66","","37","","","","NA"
"2018-08-05 15:00","2018","08","05","15:00","30.1","","19.4","","52","","24","","27","","24.1","","97.65","","37","","","","NA"
"2018-08-05 16:00","2018","08","05","16:00","30.5","","17.7","","46","","25","","26","","24.1","","97.61","","36","","","","Mainly Clear"
"2018-08-05 17:00","2018","08","05","17:00","29.4","","18.2","","50","","25","","23","","24.1","","97.59","","36","","","","NA"
"2018-08-05 18:00","2018","08","05","18:00","27.8","","20.4","","63","","22","","15","","24.1","","97.58","","36","","","","NA"
"2018-08-05 19:00","2018","08","05","19:00","26.6","","19.7","","65","","22","","18","","24.1","","97.62","","34","","","","Cloudy"
"2018-08-05 20:00","2018","08","05","20:00","19.9","","18.1","","89","","24","","29","","4.8","","97.90","","","","","","Thunderstorms,Rain Showers,Fog"
"2018-08-05 21:00","2018","08","05","21:00","18.9","","18.3","","97","","18","","11","","24.1","","97.71","","","","","","NA"
"2018-08-05 22:00","2018","08","05","22:00","18.7","","18.1","","97","","20","","8","","24.1","","97.75","","","","","","Mostly Cloudy"
"2018-08-05 23:00","2018","08","05","23:00","17.9","","17.6","","98","","25","","7","","24.1","","97.74","","","","","","NA"
"2018-08-06 00:00","2018","08","06","00:00","17.7","","17.6","","100","","21","","6","","4.8","","97.72","","","","","","Fog"
"2018-08-06 01:00","2018","08","06","01:00","17.5","","17.5","","100","","22","","9","","4.8","","97.66","","","","","","Fog"
"2018-08-06 02:00","2018","08","06","02:00","17.4","","17.4","","99","","23","","13","","4.8","","97.62","","","","","","Fog"
"2018-08-06 03:00","2018","08","06","03:00","17.6","","17.4","","99","","23","","13","","8.1","","97.68","","","","","","Fog"
"2018-08-06 04:00","2018","08","06","04:00","18.0","","17.7","","98","","21","","10","","16.1","","97.64","","","","","","Cloudy"
"2018-08-06 05:00","2018","08","06","05:00","17.9","","17.7","","99","","22","","9","","4.8","","97.68","","","","","","Fog"
"2018-08-06 06:00","2018","08","06","06:00","18.3","","18.1","","99","","27","","8","","4.8","","97.75","","","","","","Fog"
"2018-08-06 07:00","2018","08","06","07:00","18.9","","18.4","","97","","25","","13","","6.4","","97.76","","","","","","Fog"
"2018-08-06 08:00","2018","08","06","08:00","18.9","","18.5","","97","","25","","13","","6.4","","97.81","","","","","","Fog"
"2018-08-06 09:00","2018","08","06","09:00","19.0","","18.4","","96","","30","","7","","6.4","","97.78","","","","","","Fog"
"2018-08-06 10:00","2018","08","06","10:00","19.7","","18.8","","94","","24","","7","","9.7","","97.81","","","","","","Fog"
"2018-08-06 11:00","2018","08","06","11:00","20.6","","19.3","","92","","20","","7","","12.9","","97.87","","28","","","","NA"
"2018-08-06 12:00","2018","08","06","12:00","22.7","","19.4","","81","","25","","12","","16.1","","97.83","","30","","","","NA"
"2018-08-06 13:00","2018","08","06","13:00","23.4","","19.5","","79","","26","","16","","19.3","","97.82","","31","","","","Mainly Clear"
"2018-08-06 14:00","2018","08","06","14:00","24.9","","19.5","","72","","24","","15","","24.1","","97.75","","32","","","","NA"
"2018-08-06 15:00","2018","08","06","15:00","26.7","","20.0","","66","","24","","11","","24.1","","97.70","","34","","","","NA"
"2018-08-06 16:00","2018","08","06","16:00","18.8","","16.9","","89","","23","","12","","6.4","","97.74","","","","","","Thunderstorms,Rain Showers"
"2018-08-06 17:00","2018","08","06","17:00","19.0","","18.2","","95","","18","","4","","24.1","","97.68","","","","","","Thunderstorms,Rain Showers"
"2018-08-06 18:00","2018","08","06","18:00","18.7","","18.3","","97","","24","","9","","24.1","","97.64","","","","","","NA"
"2018-08-06 19:00","2018","08","06","19:00","18.9","","18.1","","95","","36","","3","","24.1","","97.64","","","","","","Rain Showers"
"2018-08-06 20:00","2018","08","06","20:00","18.8","","18.6","","99","","1","","4","","24.1","","97.67","","","","","","Rain Showers"
"2018-08-06 21:00","2018","08","06","21:00","18.3","","18.1","","99","","36","","2","","16.1","","97.78","","","","","","Rain Showers"
"2018-08-06 22:00","2018","08","06","22:00","17.5","","17.2","","98","","29","","5","","24.1","","97.71","","","","","","Rain Showers"
"2018-08-06 23:00","2018","08","06","23:00","16.9","","16.8","","100","","17","","4","","24.1","","97.64","","","","","","NA"
"2018-08-07 00:00","2018","08","07","00:00","16.3","","16.3","","100","","36","","1","","24.1","","97.63","","","","","","NA"
"2018-08-07 01:00","2018","08","07","01:00","16.3","","16.3","","100","","29","","8","","24.1","","97.64","","","","","","Cloudy"
"2018-08-07 02:00","2018","08","07","02:00","16.2","","16.0","","98","","35","","13","","24.1","","97.65","","","","","","NA"
"2018-08-07 03:00","2018","08","07","03:00","15.4","","15.2","","99","","1","","12","","24.1","","97.63","","","","","","NA"
"2018-08-07 04:00","2018","08","07","04:00","14.8","","14.4","","98","","35","","10","","24.1","","97.72","","","","","","Cloudy"
"2018-08-07 05:00","2018","08","07","05:00","14.2","","14.0","","98","","35","","6","","24.1","","97.75","","","","","","NA"
"2018-08-07 06:00","2018","08","07","06:00","13.9","","13.7","","99","","35","","7","","4.0","","97.79","","","","","","Fog"
"2018-08-07 07:00","2018","08","07","07:00","13.8","","13.6","","99","","34","","9","","3.2","","97.81","","","","","","Drizzle,Fog"
"2018-08-07 08:00","2018","08","07","08:00","14.0","","13.7","","98","","32","","5","","6.4","","97.86","","","","","","Fog"
"2018-08-07 09:00","2018","08","07","09:00","14.8","","14.4","","98","","35","","6","","9.7","","97.88","","","","","","Fog"
"2018-08-07 10:00","2018","08","07","10:00","15.5","","14.5","","94","","36","","8","","16.1","","97.90","","","","","","Cloudy"
"2018-08-07 11:00","2018","08","07","11:00","16.4","","14.8","","90","","32","","7","","24.1","","97.91","","","","","","NA"
"2018-08-07 12:00","2018","08","07","12:00","18.7","","15.8","","83","","1","","4","","24.1","","97.88","","","","","","NA"
"2018-08-07 13:00","2018","08","07","13:00","20.4","","16.2","","77","","30","","4","","24.1","","97.86","","25","","","","Mostly Cloudy"
"2018-08-07 14:00","2018","08","07","14:00","21.3","","16.7","","74","","24","","8","","24.1","","97.86","","26","","","","NA"
"2018-08-07 15:00","2018","08","07","15:00","21.4","","15.9","","71","","32","","8","","24.1","","97.82","","26","","","","NA"
"2018-08-07 16:00","2018","08","07","16:00","21.4","","16.2","","72","","29","","8","","24.1","","97.80","","26","","","","Mostly Cloudy"
"2018-08-07 17:00","2018","08","07","17:00","21.9","","16.6","","71","","32","","7","","24.1","","97.79","","27","","","","NA"
"2018-08-07 18:00","2018","08","07","18:00","20.7","","17.0","","79","","26","","5","","24.1","","97.77","","26","","","","NA"
"2018-08-07 19:00","2018","08","07","19:00","20.3","","16.6","","79","","25","","4","","24.1","","97.74","","25","","","","Mostly Cloudy"
"2018-08-07 20:00","2018","08","07","20:00","17.7","","16.7","","94","","7","","4","","24.1","","97.73","","","","","","NA"
"2018-08-07 21:00","2018","08","07","21:00","16.0","","15.3","","95","","13","","3","","24.1","","97.78","","","","","","NA"
"2018-08-07 22:00","2018","08","07","22:00","14.4","","14.1","","98","","36","","2","","24.1","","97.78","","","","","","Mainly Clear"
"2018-08-07 23:00","2018","08","07","23:00","14.3","","14.1","","98","","36","","2","","24.1","","97.78","","","","","","NA"
"2018-08-08 00:00","2018","08","08","00:00","14.3","","13.6","","96","","36","","1","","24.1","","97.77","","","","","","NA"
"2018-08-08 01:00","2018","08","08","01:00","13.3","","12.9","","97","","36","","3","","24.1","","97.72","","","","","","Mainly Clear"
"2018-08-08 02:00","2018","08","08","02:00","12.5","","12.2","","98","","36","","1","","4.0","","97.72","","","","","","Fog"
"2018-08-08 03:00","2018","08","08","03:00","13.1","","13.1","","100","","10","","3","","0.8","","97.69","","","","","","Fog"
"2018-08-08 04:00","2018","08","08","04:00","12.6","","12.6","","100","","36","","2","","3.2","","97.67","","","","","","Fog"
"2018-08-08 05:00","2018","08","08","05:00","12.3","","12.2","","100","","36","","2","","2.0","","97.64","","","","","","Fog"
"2018-08-08 06:00","2018","08","08","06:00","12.5","","12.5","","100","","36","","2","","1.0","","97.62","","","","","","Fog"
"2018-08-08 07:00","2018","08","08","07:00","14.6","","14.6","","100","","36","","1","","1.2","","97.62","","","","","","Fog"
"2018-08-08 08:00","2018","08","08","08:00","18.6","","16.9","","90","","36","","2","","24.1","","97.59","","","","","","NA"
"2018-08-08 09:00","2018","08","08","09:00","21.4","","17.0","","76","","24","","7","","24.1","","97.54","","27","","","","NA"
"2018-08-08 10:00","2018","08","08","10:00","22.1","","16.3","","69","","36","","2","","24.1","","97.51","","27","","","","Mainly Clear"
"2018-08-08 11:00","2018","08","08","11:00","23.2","","16.6","","66","","26","","7","","24.1","","97.49","","28","","","","NA"
"2018-08-08 12:00","2018","08","08","12:00","23.9","","16.4","","62","","23","","8","","24.1","","97.45","","29","","","","NA"
"2018-08-08 13:00","2018","08","08","13:00","24.1","","15.9","","60","","22","","14","","24.1","","97.40","","29","","","","Mostly Cloudy"
"2018-08-08 14:00","2018","08","08","14:00","25.2","","16.1","","56","","22","","15","","24.1","","97.31","","30","","","","NA"
"2018-08-08 15:00","2018","08","08","15:00","25.1","","15.4","","54","","20","","16","","24.1","","97.26","","29","","","","NA"
"2018-08-08 16:00","2018","08","08","16:00","25.0","","16.5","","59","","22","","16","","24.1","","97.22","","30","","","","Mostly Cloudy"
"2018-08-08 17:00","2018","08","08","17:00","24.4","","16.3","","60","","25","","11","","24.1","","97.19","","29","","","","NA"
"2018-08-08 18:00","2018","08","08","18:00","23.0","","15.8","","63","","22","","13","","24.1","","97.21","","27","","","","NA"
"2018-08-08 19:00","2018","08","08","19:00","21.6","","14.9","","65","","21","","15","","24.1","","97.18","","26","","","","Mostly Cloudy"
"2018-08-08 20:00","2018","08","08","20:00","18.9","","15.2","","79","","20","","10","","24.1","","97.18","","","","","","NA"
"2018-08-08 21:00","2018","08","08","21:00","17.0","","14.8","","87","","25","","7","","24.1","","97.21","","","","","","NA"
"2018-08-08 22:00","2018","08","08","22:00","16.8","","14.8","","88","","23","","7","","24.1","","97.19","","","","","","Mainly Clear"
"2018-08-08 23:00","2018","08","08","23:00","15.1","","13.9","","92","","19","","5","","24.1","","97.16","","","","","","NA"
"2018-08-09 00:00","2018","08","09","00:00","14.7","","13.4","","92","","21","","8","","24.1","","97.14","","","","","","NA"
"2018-08-09 01:00","2018","08","09","01:00","14.2","","13.2","","94","","20","","7","","24.1","","97.09","","","","","","Clear"
"2018-08-09 02:00","2018","08","09","02:00","14.6","","12.9","","90","","23","","13","","24.1","","97.10","","","","","","NA"
"2018-08-09 03:00","2018","08","09","03:00","13.4","","12.4","","94","","24","","8","","24.1","","97.07","","","","","","NA"
"2018-08-09 04:00","2018","08","09","04:00","15.2","","13.8","","91","","22","","8","","24.1","","97.09","","","","","","Cloudy"
"2018-08-09 05:00","2018","08","09","05:00","15.1","","14.7","","98","","24","","9","","24.1","","97.13","","","","","","Rain Showers"
"2018-08-09 06:00","2018","08","09","06:00","15.3","","15.2","","99","","25","","11","","16.1","","97.15","","","","","","NA"
"2018-08-09 07:00","2018","08","09","07:00","16.5","","16.0","","97","","26","","12","","24.1","","97.20","","","","","","Cloudy"
"2018-08-09 08:00","2018","08","09","08:00","17.9","","16.4","","91","","28","","17","","24.1","","97.22","","","","","","NA"
"2018-08-09 09:00","2018","08","09","09:00","18.9","","15.6","","81","","31","","18","","24.1","","97.27","","","","","","NA"
"2018-08-09 10:00","2018","08","09","10:00","19.1","","13.4","","69","","32","","18","","24.1","","97.34","","","","","","Mostly Cloudy"
"2018-08-09 11:00","2018","08","09","11:00","20.1","","12.6","","62","","34","","18","","24.1","","97.39","","","","","","NA"
"2018-08-09 12:00","2018","08","09","12:00","19.7","","12.1","","61","","35","","27","","24.1","","97.43","","","","","","NA"
"2018-08-09 13:00","2018","08","09","13:00","19.4","","12.5","","64","","30","","17","","24.1","","97.46","","","","","","Mostly Cloudy"
"2018-08-09 14:00","2018","08","09","14:00","20.1","","12.6","","61","","33","","13","","24.1","","97.50","","","","","","NA"
"2018-08-09 15:00","2018","08","09","15:00","20.9","","12.2","","57","","32","","16","","24.1","","97.51","","","","","","NA"
"2018-08-09 16:00","2018","08","09","16:00","20.9","","12.4","","58","","31","","13","","24.1","","97.53","","","","","","Mostly Cloudy"
"2018-08-09 17:00","2018","08","09","17:00","21.3","","12.6","","57","","31","","9","","24.1","","97.56","","","","","","NA"
"2018-08-09 18:00","2018","08","09","18:00","20.8","","12.2","","57","","33","","12","","24.1","","97.61","","","","","","NA"
"2018-08-09 19:00","2018","08","09","19:00","19.8","","11.4","","58","","36","","10","","24.1","","97.67","","","","","","Mainly Clear"
"2018-08-09 20:00","2018","08","09","20:00","16.0","","11.8","","76","","35","","3","","24.1","","97.73","","","","","","NA"
"2018-08-09 21:00","2018","08","09","21:00","12.5","","11.1","","91","","20","","3","","24.1","","97.77","","","","","","NA"
"2018-08-09 22:00","2018","08","09","22:00","11.7","","10.4","","92","","36","","1","","24.1","","97.78","","","","","","Clear"
"2018-08-09 23:00","2018","08","09","23:00","10.4","","9.2","","92","","36","","1","","24.1","","97.81","","","","","","NA"
"2018-08-10 00:00","2018","08","10","00:00","9.0","","8.2","","94","","36","","2","","24.1","","97.83","","","","","","NA"
"2018-08-10 01:00","2018","08","10","01:00","9.0","","8.3","","96","","36","","1","","24.1","","97.83","","","","","","Clear"
"2018-08-10 02:00","2018","08","10","02:00","8.7","","7.6","","93","","21","","5","","24.1","","97.82","","","","","","NA"
"2018-08-10 03:00","2018","08","10","03:00","9.1","","8.1","","93","","19","","3","","24.1","","97.82","","","","","","NA"
"2018-08-10 04:00","2018","08","10","04:00","9.4","","9.2","","99","","19","","4","","24.1","","97.83","","","","","","Mainly Clear"
"2018-08-10 05:00","2018","08","10","05:00","8.9","","8.7","","99","","20","","6","","24.1","","97.82","","","","","","NA"
"2018-08-10 06:00","2018","08","10","06:00","9.8","","9.7","","99","","20","","4","","24.1","","97.81","","","","","","NA"
"2018-08-10 07:00","2018","08","10","07:00","14.4","","13.0","","91","","23","","7","","24.1","","97.89","","","","","","Mainly Clear"
"2018-08-10 08:00","2018","08","10","08:00","18.0","","13.6","","75","","25","","13","","24.1","","97.90","","","","","","NA"
"2018-08-10 09:00","2018","08","10","09:00","20.7","","14.0","","65","","29","","10","","24.1","","97.88","","","","","","NA"
"2018-08-10 10:00","2018","08","10","10:00","22.6","","15.1","","62","","28","","9","","24.1","","97.85","","27","","","","Mainly Clear"
"2018-08-10 11:00","2018","08","10","11:00","24.0","","13.8","","52","","27","","18","","24.1","","97.83","","27","","","","NA"
"2018-08-10 12:00","2018","08","10","12:00","24.0","","14.6","","55","","27","","17","","24.1","","97.79","","28","","","","NA"
"2018-08-10 13:00","2018","08","10","13:00","25.4","","14.1","","49","","30","","21","","24.1","","97.73","","29","","","","Mainly Clear"
"2018-08-10 14:00","2018","08","10","14:00","26.1","","13.7","","46","","31","","12","","24.1","","97.70","","29","","","","NA"
"2018-08-10 15:00","2018","08","10","15:00","24.7","","12.9","","47","","32","","7","","24.1","","97.68","","27","","","","NA"
"2018-08-10 16:00","2018","08","10","16:00","25.7","","12.1","","42","","33","","14","","24.1","","97.65","","28","","","","Mainly Clear"
"2018-08-10 17:00","2018","08","10","17:00","25.4","","13.0","","46","","31","","13","","24.1","","97.61","","28","","","","NA"
"2018-08-10 18:00","2018","08","10","18:00","24.9","","13.6","","49","","25","","5","","24.1","","97.60","","28","","","","NA"
"2018-08-10 19:00","2018","08","10","19:00","22.5","","15.2","","63","","36","","3","","24.1","","97.60","","27","","","","Mainly Clear"
"2018-08-10 20:00","2018","08","10","20:00","19.8","","15.6","","77","","19","","10","","24.1","","97.61","","","","","","NA"
"2018-08-10 21:00","2018","08","10","21:00","18.2","","15.6","","84","","18","","5","","24.1","","97.65","","","","","","NA"
"2018-08-10 22:00","2018","08","10","22:00","18.1","","15.8","","86","","18","","9","","24.1","","97.65","","","","","","Mainly Clear"
"2018-08-10 23:00","2018","08","10","23:00","17.3","","15.5","","89","","19","","7","","24.1","","97.63","","","","","","NA"
"2018-08-11 00:00","2018","08","11","00:00","16.6","","15.3","","92","","19","","7","","24.1","","97.59","","","","","","NA"
"2018-08-11 01:00","2018","08","11","01:00","15.8","","14.8","","94","","21","","7","","24.1","","97.59","","","","","","Mostly Cloudy"
"2018-08-11 02:00","2018","08","11","02:00","15.2","","14.7","","97","","18","","8","","24.1","","97.58","","","","","","NA"
"2018-08-11 03:00","2018","08","11","03:00","14.7","","14.6","","99","","19","","7","","24.1","","97.58","","","","","","NA"
"2018-08-11 04:00","2018","08","11","04:00","14.5","","14.3","","99","","18","","7","","24.1","","97.58","","","","","","Mainly Clear"
"2018-08-11 05:00","2018","08","11","05:00","14.7","","14.4","","98","","18","","5","","24.1","","97.62","","","","","","NA"
"2018-08-11 06:00","2018","08","11","06:00","15.1","","14.9","","99","","21","","6","","16.1","","97.66","","","","","","NA"
"2018-08-11 07:00","2018","08","11","07:00","16.9","","16.1","","95","","22","","13","","24.1","","97.73","","","","","","Mostly Cloudy"
"2018-08-11 08:00","2018","08","11","08:00","19.2","","16.8","","86","","24","","11","","24.1","","97.74","","","","","","NA"
"2018-08-11 09:00","2018","08","11","09:00","19.9","","16.8","","82","","26","","11","","24.1","","97.80","","","","","","NA"
"2018-08-11 10:00","2018","08","11","10:00","21.3","","16.6","","74","","21","","5","","24.1","","97.83","","26","","","","Mostly Cloudy"
"2018-08-11 11:00","2018","08","11","11:00","23.0","","17.2","","70","","35","","4","","24.1","","97.85","","28","","","","NA"
"2018-08-11 12:00","2018","08","11","12:00","24.3","","17.8","","67","","27","","10","","24.1","","97.86","","30","","","","NA"
"2018-08-11 13:00","2018","08","11","13:00","25.0","","17.3","","62","","25","","15","","24.1","","97.84","","30","","","","Mostly Cloudy"
"2018-08-11 14:00","2018","08","11","14:00","24.2","","18.0","","68","","27","","8","","24.1","","97.86","","30","","","","NA"
"2018-08-11 15:00","2018","08","11","15:00","24.9","","16.3","","58","","30","","5","","24.1","","97.87","","30","","","","Rain Showers"
"2018-08-11 16:00","2018","08","11","16:00","25.2","","17.6","","62","","10","","23","","24.1","","97.88","","31","","","","Mostly Cloudy"
"2018-08-11 17:00","2018","08","11","17:00","20.6","","17.9","","84","","15","","8","","24.1","","97.95","","27","","","","NA"
"2018-08-11 18:00","2018","08","11","18:00","20.4","","17.7","","84","","14","","4","","24.1","","97.98","","26","","","","NA"
"2018-08-11 19:00","2018","08","11","19:00","20.3","","18.5","","89","","9","","3","","24.1","","98.02","","27","","","","Mostly Cloudy"
"2018-08-11 20:00","2018","08","11","20:00","19.6","","18.9","","95","","16","","3","","24.1","","98.06","","","","","","NA"
"2018-08-11 21:00","2018","08","11","21:00","18.4","","18.0","","97","","23","","3","","24.1","","98.13","","","","","","NA"
"2018-08-11 22:00","2018","08","11","22:00","18.8","","17.9","","95","","6","","5","","24.1","","98.18","","","","","","Mainly Clear"
"2018-08-11 23:00","2018","08","11","23:00","17.6","","17.5","","99","","7","","5","","24.1","","98.23","","","","","","Rain Showers"
"2018-08-12 00:00","2018","08","12","00:00","17.1","","17.0","","99","","19","","3","","24.1","","98.25","","","","","","NA"
"2018-08-12 01:00","2018","08","12","01:00","16.8","","16.5","","98","","36","","2","","24.1","","98.27","","","","","","Clear"
"2018-08-12 02:00","2018","08","12","02:00","15.0","","15.0","","100","","36","","2","","24.1","","98.25","","","","","","NA"
"2018-08-12 03:00","2018","08","12","03:00","13.9","","13.4","","97","","36","","1","","24.1","","98.31","","","","","","NA"
"2018-08-12 04:00","2018","08","12","04:00","13.5","","13.4","","99","","8","","5","","24.1","","98.35","","","","","","Mainly Clear"
"2018-08-12 05:00","2018","08","12","05:00","12.5","","12.3","","99","","36","","2","","24.1","","98.38","","","","","","NA"
"2018-08-12 06:00","2018","08","12","06:00","13.2","","13.2","","100","","22","","4","","0.4","","98.42","","","","","","Fog"
"2018-08-12 07:00","2018","08","12","07:00","16.2","","16.2","","100","","17","","7","","8.1","","98.48","","","","","","Fog"
"2018-08-12 08:00","2018","08","12","08:00","19.6","","18.4","","93","","20","","5","","24.1","","98.50","","","","","","NA"
"2018-08-12 09:00","2018","08","12","09:00","22.4","","18.3","","77","","24","","7","","24.1","","98.51","","29","","","","NA"
"2018-08-12 10:00","2018","08","12","10:00","24.1","","18.1","","69","","25","","8","","24.1","","98.53","","30","","","","Clear"
"2018-08-12 11:00","2018","08","12","11:00","25.7","","18.0","","62","","27","","8","","24.1","","98.53","","32","","","","NA"
"2018-08-12 12:00","2018","08","12","12:00","27.2","","17.2","","54","","23","","10","","24.1","","98.48","","33","","","","NA"
"2018-08-12 13:00","2018","08","12","13:00","27.5","","15.6","","48","","25","","14","","24.1","","98.46","","32","","","","Mainly Clear"
"2018-08-12 14:00","2018","08","12","14:00","27.9","","14.8","","44","","25","","13","","24.1","","98.45","","32","","","","NA"
"2018-08-12 15:00","2018","08","12","15:00","27.7","","15.5","","47","","25","","10","","24.1","","98.43","","32","","","","NA"
"2018-08-12 16:00","2018","08","12","16:00","27.8","","16.1","","48","","25","","8","","24.1","","98.42","","32","","","","Mainly Clear"
"2018-08-12 17:00","2018","08","12","17:00","27.3","","16.8","","52","","26","","10","","24.1","","98.40","","32","","","","NA"
"2018-08-12 18:00","2018","08","12","18:00","25.6","","17.9","","62","","26","","7","","24.1","","98.39","","32","","","","NA"
"2018-08-12 19:00","2018","08","12","19:00","23.7","","17.7","","69","","21","","4","","24.1","","98.37","","29","","","","Clear"
"2018-08-12 20:00","2018","08","12","20:00","21.8","","17.1","","74","","19","","4","","24.1","","98.38","","27","","","","NA"
"2018-08-12 21:00","2018","08","12","21:00","19.8","","16.2","","79","","20","","7","","24.1","","98.40","","","","","","NA"
"2018-08-12 22:00","2018","08","12","22:00","18.6","","15.9","","84","","20","","5","","24.1","","98.43","","","","","","Clear"
"2018-08-12 23:00","2018","08","12","23:00","17.7","","16.1","","90","","19","","7","","24.1","","98.45","","","","","","NA"
"2018-08-13 00:00","2018","08","13","00:00","17.4","","15.4","","88","","20","","4","","24.1","","98.46","","","","","","NA"
"2018-08-13 01:00","2018","08","13","01:00","16.8","","15.2","","90","","19","","7","","24.1","","98.48","","","","","","Clear"
"2018-08-13 02:00","2018","08","13","02:00","16.4","","15.2","","92","","18","","4","","24.1","","98.45","","","","","","NA"
"2018-08-13 03:00","2018","08","13","03:00","14.5","","13.4","","93","","36","","3","","24.1","","98.41","","","","","","NA"
"2018-08-13 04:00","2018","08","13","04:00","15.2","","14.4","","95","","20","","5","","24.1","","98.38","","","","","","Clear"
"2018-08-13 05:00","2018","08","13","05:00","15.3","","14.7","","96","","19","","4","","24.1","","98.38","","","","","","NA"
"2018-08-13 06:00","2018","08","13","06:00","15.5","","14.8","","96","","18","","7","","24.1","","98.38","","","","","","NA"
"2018-08-13 07:00","2018","08","13","07:00","17.2","","16.2","","93","","19","","4","","24.1","","98.42","","","","","","Clear"
"2018-08-13 08:00","2018","08","13","08:00","19.9","","17.4","","86","","20","","4","","24.1","","98.41","","","","","","NA"
"2018-08-13 09:00","2018","08","13","09:00","22.4","","17.3","","73","","20","","8","","24.1","","98.40","","28","","","","NA"
"2018-08-13 10:00","2018","08","13","10:00","24.5","","17.4","","64","","25","","7","","24.1","","98.34","","30","","","","Mostly Cloudy"
"2018-08-13 11:00","2018","08","13","11:00","26.2","","18.5","","62","","28","","8","","24.1","","98.28","","33","","","","NA"
"2018-08-13 12:00","2018","08","13","12:00","27.8","","17.5","","53","","26","","13","","24.1","","98.22","","33","","","","NA"
"2018-08-13 13:00","2018","08","13","13:00","27.9","","16.3","","48","","26","","16","","24.1","","98.17","","33","","","","Mainly Clear"
"2018-08-13 14:00","2018","08","13","14:00","28.5","","18.0","","52","","25","","16","","24.1","","98.11","","35","","","","NA"
"2018-08-13 15:00","2018","08","13","15:00","28.6","","17.4","","50","","25","","17","","24.1","","98.01","","34","","","","NA"
"2018-08-13 16:00","2018","08","13","16:00","28.5","","16.3","","47","","23","","16","","24.1","","97.96","","33","","","","Clear"
"2018-08-13 17:00","2018","08","13","17:00","27.8","","16.1","","48","","24","","15","","24.1","","97.93","","32","","","","NA"
"2018-08-13 18:00","2018","08","13","18:00","26.6","","17.7","","57","","22","","10","","24.1","","97.88","","32","","","","NA"
"2018-08-13 19:00","2018","08","13","19:00","25.0","","18.2","","65","","19","","8","","24.1","","97.84","","31","","","","Clear"
"2018-08-13 20:00","2018","08","13","20:00","22.2","","18.0","","77","","19","","9","","24.1","","97.83","","28","","","","NA"
"2018-08-13 21:00","2018","08","13","21:00","20.9","","17.4","","80","","19","","9","","24.1","","97.82","","26","","","","NA"
"2018-08-13 22:00","2018","08","13","22:00","19.3","","16.6","","84","","20","","9","","24.1","","97.81","","","","","","Mainly Clear"
"2018-08-13 23:00","2018","08","13","23:00","18.6","","16.4","","87","","19","","8","","24.1","","97.78","","","","","","NA"
"2018-08-14 00:00","2018","08","14","00:00","19.4","","16.4","","83","","21","","8","","24.1","","97.76","","","","","","NA"
"2018-08-14 01:00","2018","08","14","01:00","18.4","","16.1","","86","","23","","11","","24.1","","97.75","","","","","","Clear"
"2018-08-14 02:00","2018","08","14","02:00","17.8","","15.9","","88","","22","","9","","24.1","","97.72","","","","","","NA"
"2018-08-14 03:00","2018","08","14","03:00","16.2","","15.4","","95","","22","","6","","24.1","","97.68","","","","","","NA"
"2018-08-14 04:00","2018","08","14","04:00","15.4","","14.1","","92","","23","","5","","24.1","","97.66","","","","","","Clear"
"2018-08-14 05:00","2018","08","14","05:00","15.0","","14.3","","96","","19","","5","","24.1","","97.63","","","","","","NA"
"2018-08-14 06:00","2018","08","14","06:00","15.7","","15.0","","95","","19","","9","","16.1","","97.58","","","","","","NA"
"2018-08-14 07:00","2018","08","14","07:00","18.4","","16.0","","86","","20","","11","","19.3","","97.60","","","","","","Mainly Clear"
"2018-08-14 08:00","2018","08","14","08:00","20.6","","16.4","","77","","21","","16","","24.1","","97.55","","25","","","","NA"
"2018-08-14 09:00","2018","08","14","09:00","23.0","","16.4","","66","","21","","16","","24.1","","97.50","","28","","","","NA"
"2018-08-14 10:00","2018","08","14","10:00","25.2","","17.1","","60","","21","","20","","24.1","","97.44","","31","","","","Mainly Clear"
"2018-08-14 11:00","2018","08","14","11:00","27.0","","17.8","","56","","22","","22","","24.1","","97.38","","33","","","","NA"
"2018-08-14 12:00","2018","08","14","12:00","28.5","","19.8","","59","","24","","25","","24.1","","97.35","","36","","","","NA"
"2018-08-14 13:00","2018","08","14","13:00","29.8","","19.8","","54","","25","","24","","24.1","","97.30","","37","","","","Mainly Clear"
"2018-08-14 14:00","2018","08","14","14:00","30.0","","19.3","","52","","25","","30","","24.1","","97.27","","37","","","","NA"
"2018-08-14 15:00","2018","08","14","15:00","30.4","","19.6","","52","","26","","22","","24.1","","97.23","","38","","","","NA"
"2018-08-14 16:00","2018","08","14","16:00","30.6","","18.4","","48","","25","","24","","24.1","","97.17","","37","","","","Mainly Clear"
"2018-08-14 17:00","2018","08","14","17:00","29.6","","18.9","","52","","23","","17","","24.1","","97.10","","36","","","","NA"
"2018-08-14 18:00","2018","08","14","18:00","22.1","","19.8","","87","","27","","3","","9.7","","97.27","","30","","","","Thunderstorms,Rain Showers,Fog"
"2018-08-14 19:00","2018","08","14","19:00","22.1","","21.1","","93","","2","","11","","16.1","","97.34","","31","","","","Mostly Cloudy"
"2018-08-14 20:00","2018","08","14","20:00","21.1","","19.6","","91","","4","","11","","16.1","","97.46","","28","","","","NA"
"2018-08-14 21:00","2018","08","14","21:00","19.9","","18.1","","89","","3","","12","","16.1","","97.56","","","","","","NA"
"2018-08-14 22:00","2018","08","14","22:00","18.9","","17.1","","89","","2","","10","","24.1","","97.57","","","","","","Mostly Cloudy"
"2018-08-14 23:00","2018","08","14","23:00","17.7","","14.9","","84","","2","","17","","24.1","","97.65","","","","","","NA"
"2018-08-15 00:00","2018","08","15","00:00","16.1","","13.4","","84","","36","","12","","24.1","","97.73","","","","","","NA"
"2018-08-15 01:00","2018","08","15","01:00","14.9","","12.5","","85","","35","","13","","24.1","","97.74","","","","","","Mostly Cloudy"
"2018-08-15 02:00","2018","08","15","02:00","14.0","","11.2","","83","","36","","11","","24.1","","97.75","","","","","","NA"
"2018-08-15 03:00","2018","08","15","03:00","13.0","","10.6","","85","","1","","18","","24.1","","97.77","","","","","","NA"
"2018-08-15 04:00","2018","08","15","04:00","11.4","","9.0","","85","","1","","20","","24.1","","97.86","","","","","","Mostly Cloudy"
"2018-08-15 05:00","2018","08","15","05:00","9.8","","8.0","","89","","35","","17","","24.1","","97.96","","","","","","NA"
"2018-08-15 06:00","2018","08","15","06:00","9.3","","7.4","","88","","1","","14","","24.1","","98.02","","","","","","NA"
"2018-08-15 07:00","2018","08","15","07:00","8.9","","6.3","","84","","2","","11","","24.1","","98.06","","","","","","Cloudy"
"2018-08-15 08:00","2018","08","15","08:00","8.6","","5.8","","82","","3","","15","","24.1","","98.11","","","","","","NA"
"2018-08-15 09:00","2018","08","15","09:00","9.3","","5.8","","78","","34","","8","","24.1","","98.14","","","","","","NA"
"2018-08-15 10:00","2018","08","15","10:00","10.3","","6.3","","76","","4","","4","","24.1","","98.13","","","","","","Mostly Cloudy"
"2018-08-15 11:00","2018","08","15","11:00","11.3","","6.4","","72","","33","","7","","24.1","","98.13","","","","","","NA"
"2018-08-15 12:00","2018","08","15","12:00","12.3","","7.5","","72","","","","0","","24.1","","98.15","","","","","","NA"
"2018-08-15 13:00","2018","08","15","13:00","13.8","","7.5","","65","","35","","12","","24.1","","98.14","","","","","","Mostly Cloudy"
"2018-08-15 14:00","2018","08","15","14:00","13.6","","7.2","","65","","6","","7","","24.1","","98.14","","","","","","NA"
"2018-08-15 15:00","2018","08","15","15:00","14.1","","7.0","","62","","1","","15","","24.1","","98.14","","","","","","NA"
"2018-08-15 16:00","2018","08","15","16:00","15.1","","8.1","","63","","4","","10","","24.1","","98.11","","","","","","Mostly Cloudy"
"2018-08-15 17:00","2018","08","15","17:00","14.4","","7.8","","64","","1","","5","","24.1","","98.10","","","","","","NA"
"2018-08-15 18:00","2018","08","15","18:00","14.3","","7.2","","62","","5","","8","","24.1","","98.15","","","","","","NA"
"2018-08-15 19:00","2018","08","15","19:00","13.4","","8.2","","70","","6","","5","","24.1","","98.15","","","","","","Mainly Clear"
"2018-08-15 20:00","2018","08","15","20:00","10.4","","8.1","","86","","36","","1","","24.1","","98.14","","","","","","NA"
"2018-08-15 21:00","2018","08","15","21:00","9.2","","7.8","","91","","36","","3","","24.1","","98.18","","","","","","NA"
"2018-08-15 22:00","2018","08","15","22:00","7.8","","6.2","","89","","36","","2","","24.1","","98.18","","","","","","Clear"
"2018-08-15 23:00","2018","08","15","23:00","8.0","","6.6","","91","","36","","2","","24.1","","98.16","","","","","","NA"
"2018-08-16 00:00","2018","08","16","00:00","6.9","","6.0","","93","","9","","3","","24.1","","98.19","","","","","","NA"
"2018-08-16 01:00","2018","08","16","01:00","5.6","","4.6","","93","","36","","2","","24.1","","98.22","","","","","","Clear"
"2018-08-16 02:00","2018","08","16","02:00","4.9","","4.5","","97","","36","","1","","24.1","","98.22","","","","","","NA"
"2018-08-16 03:00","2018","08","16","03:00","4.0","","3.4","","96","","36","","2","","24.1","","98.23","","","","","","NA"
"2018-08-16 04:00","2018","08","16","04:00","2.9","","2.6","","98","","0","","1","","8.1","","98.28","","","","","","Fog"
"2018-08-16 05:00","2018","08","16","05:00","3.2","","3.1","","99","","9","","3","","1.6","","98.30","","","","","","Fog"
"2018-08-16 06:00","2018","08","16","06:00","4.1","","3.8","","98","","9","","4","","24.1","","98.31","","","","","","NA"
"2018-08-16 07:00","2018","08","16","07:00","7.4","","7.1","","98","","36","","2","","24.1","","98.37","","","","","","Clear"
"2018-08-16 08:00","2018","08","16","08:00","12.0","","9.0","","81","","18","","10","","24.1","","98.41","","","","","","NA"
"2018-08-16 09:00","2018","08","16","09:00","14.9","","7.7","","62","","17","","15","","24.1","","98.36","","","","","","NA"
"2018-08-16 10:00","2018","08","16","10:00","17.3","","7.8","","53","","16","","12","","24.1","","98.33","","","","","","Clear"
"2018-08-16 11:00","2018","08","16","11:00","18.7","","7.5","","48","","12","","11","","24.1","","98.31","","","","","","NA"
"2018-08-16 12:00","2018","08","16","12:00","19.7","","8.8","","49","","0","","1","","24.1","","98.24","","","","","","NA"
"2018-08-16 13:00","2018","08","16","13:00","21.4","","9.2","","45","","22","","14","","24.1","","98.17","","","","","","Mainly Clear"
"2018-08-16 14:00","2018","08","16","14:00","22.2","","9.7","","45","","21","","11","","24.1","","98.11","","","","","","NA"
"2018-08-16 15:00","2018","08","16","15:00","23.0","","10.3","","44","","20","","13","","24.1","","98.07","","","","","","NA"
"2018-08-16 16:00","2018","08","16","16:00","23.8","","11.9","","47","","22","","9","","24.1","","98.02","","26","","","","Mainly Clear"
"2018-08-16 17:00","2018","08","16","17:00","23.8","","13.0","","50","","24","","13","","24.1","","98.00","","27","","","","NA"
"2018-08-16 18:00","2018","08","16","18:00","23.3","","13.0","","52","","27","","7","","24.1","","98.00","","26","","","","NA"
"2018-08-16 19:00","2018","08","16","19:00","22.0","","15.1","","65","","36","","2","","24.1","","97.97","","26","","","","Mainly Clear"
"2018-08-16 20:00","2018","08","16","20:00","17.2","","14.6","","84","","10","","3","","24.1","","98.01","","","","","","NA"
"2018-08-16 21:00","2018","08","16","21:00","16.2","","13.8","","85","","36","","2","","24.1","","98.02","","","","","","NA"
"2018-08-16 22:00","2018","08","16","22:00","16.0","","13.1","","83","","17","","7","","24.1","","98.02","","","","","","Mainly Clear"
"2018-08-16 23:00","2018","08","16","23:00","15.6","","12.5","","82","","18","","4","","24.1","","98.02","","","","","","NA"
"2018-08-17 00:00","2018","08","17","00:00","15.1","","12.3","","83","","18","","7","","24.1","","98.01","","","","","","NA"
"2018-08-17 01:00","2018","08","17","01:00","15.1","","12.4","","84","","36","","3","","24.1","","98.00","","","","","","Clear"
"2018-08-17 02:00","2018","08","17","02:00","14.8","","13.0","","89","","0","","1","","24.1","","97.97","","","","","","NA"
"2018-08-17 03:00","2018","08","17","03:00","12.6","","11.5","","93","","36","","2","","24.1","","97.94","","","","","","NA"
"2018-08-17 04:00","2018","08","17","04:00","12.0","","11.2","","95","","3","","3","","24.1","","97.92","","","","","","Clear"
"2018-08-17 05:00","2018","08","17","05:00","12.2","","11.2","","94","","36","","3","","24.1","","97.96","","","","","","NA"
"2018-08-17 06:00","2018","08","17","06:00","12.1","","11.4","","95","","6","","4","","24.1","","97.94","","","","","","NA"
"2018-08-17 07:00","2018","08","17","07:00","14.1","","12.8","","92","","10","","3","","24.1","","97.99","","","","","","Mostly Cloudy"
"2018-08-17 08:00","2018","08","17","08:00","18.9","","15.5","","81","","14","","3","","24.1","","97.98","","","","","","NA"
"2018-08-17 09:00","2018","08","17","09:00","19.5","","16.4","","82","","2","","5","","24.1","","97.95","","","","","","NA"
"2018-08-17 10:00","2018","08","17","10:00","21.1","","16.3","","74","","2","","15","","24.1","","97.95","","26","","","","Mostly Cloudy"
"2018-08-17 11:00","2018","08","17","11:00","22.7","","17.0","","70","","1","","14","","24.1","","97.95","","28","","","","NA"
"2018-08-17 12:00","2018","08","17","12:00","23.8","","14.9","","57","","6","","20","","24.1","","97.94","","28","","","","NA"
"2018-08-17 13:00","2018","08","17","13:00","24.7","","14.0","","51","","5","","16","","24.1","","97.93","","28","","","","Cloudy"
"2018-08-17 14:00","2018","08","17","14:00","24.4","","15.0","","55","","3","","21","","24.1","","97.92","","28","","","","NA"
"2018-08-17 15:00","2018","08","17","15:00","21.7","","15.1","","66","","34","","26","","24.1","","97.97","","26","","","","NA"
"2018-08-17 16:00","2018","08","17","16:00","17.9","","13.2","","74","","36","","21","","24.1","","98.03","","","","","","Mostly Cloudy"
"2018-08-17 17:00","2018","08","17","17:00","16.1","","12.2","","77","","2","","21","","24.1","","98.10","","","","","","NA"
"2018-08-17 18:00","2018","08","17","18:00","15.7","","12.1","","79","","36","","14","","24.1","","98.12","","","","","","NA"
"2018-08-17 19:00","2018","08","17","19:00","14.8","","11.1","","78","","2","","14","","24.1","","98.18","","","","","","Cloudy"
"2018-08-17 20:00","2018","08","17","20:00","14.2","","10.3","","77","","2","","18","","24.1","","98.25","","","","","","NA"
"2018-08-17 21:00","2018","08","17","21:00","13.3","","10.2","","81","","3","","19","","24.1","","98.26","","","","","","NA"
"2018-08-17 22:00","2018","08","17","22:00","12.4","","10.0","","85","","3","","11","","24.1","","98.26","","","","","","Mostly Cloudy"
"2018-08-17 23:00","2018","08","17","23:00","11.3","","9.5","","88","","3","","12","","24.1","","98.25","","","","","","NA"
"2018-08-18 00:00","2018","08","18","00:00","10.3","","9.0","","92","","3","","5","","24.1","","98.29","","","","","","NA"
"2018-08-18 01:00","2018","08","18","01:00","10.1","","9.0","","93","","36","","8","","24.1","","98.30","","","","","","Mainly Clear"
"2018-08-18 02:00","2018","08","18","02:00","8.6","","7.9","","95","","35","","7","","24.1","","98.31","","","","","","NA"
"2018-08-18 03:00","2018","08","18","03:00","8.1","","7.6","","97","","1","","11","","24.1","","98.32","","","","","","NA"
"2018-08-18 04:00","2018","08","18","04:00","7.2","","6.8","","98","","1","","8","","24.1","","98.33","","","","","","Mainly Clear"
"2018-08-18 05:00","2018","08","18","05:00","6.0","","6.0","","100","","36","","7","","0.4","","98.37","","","","","","Fog"
"2018-08-18 06:00","2018","08","18","06:00","5.9","","5.9","","100","","1","","8","","0.6","","98.40","","","","","","Fog"
"2018-08-18 07:00","2018","08","18","07:00","6.3","","6.2","","99","","2","","9","","2.4","","98.44","","","","","","Fog"
"2018-08-18 08:00","2018","08","18","08:00","9.3","","7.1","","86","","36","","10","","24.1","","98.45","","","","","","NA"
"2018-08-18 09:00","2018","08","18","09:00","12.2","","7.7","","74","","34","","7","","24.1","","98.43","","","","","","NA"
"2018-08-18 10:00","2018","08","18","10:00","15.9","","8.3","","60","","1","","12","","24.1","","98.42","","","","","","Clear"
"2018-08-18 11:00","2018","08","18","11:00","18.2","","8.1","","51","","1","","17","","24.1","","98.35","","","","","","NA"
"2018-08-18 12:00","2018","08","18","12:00","19.6","","7.9","","46","","1","","17","","24.1","","98.31","","","","","","NA"
"2018-08-18 13:00","2018","08","18","13:00","20.8","","5.7","","37","","3","","16","","24.1","","98.25","","","","","","Mainly Clear"
"2018-08-18 14:00","2018","08","18","14:00","21.8","","3.5","","30","","2","","9","","24.1","","98.19","","","","","","NA"
"2018-08-18 15:00","2018","08","18","15:00","22.3","","4.9","","32","","8","","5","","24.1","","98.16","","","","","","NA"
"2018-08-18 16:00","2018","08","18","16:00","22.8","","6.0","","33","","6","","12","","24.1","","98.13","","","","","","Mainly Clear"
"2018-08-18 17:00","2018","08","18","17:00","22.7","","5.1","","32","","1","","8","","24.1","","98.13","","","","","","NA"
"2018-08-18 18:00","2018","08","18","18:00","22.3","","4.9","","32","","3","","8","","24.1","","98.13","","","","","","NA"
"2018-08-18 19:00","2018","08","18","19:00","19.9","","9.3","","50","","12","","7","","24.1","","98.13","","","","","","Mainly Clear"
"2018-08-18 20:00","2018","08","18","20:00","14.5","","9.7","","73","","36","","2","","24.1","","98.16","","","","","","NA"
"2018-08-18 21:00","2018","08","18","21:00","11.4","","8.3","","81","","36","","3","","24.1","","98.20","","","","","","NA"
"2018-08-18 22:00","2018","08","18","22:00","10.1","","7.8","","86","","0","","1","","24.1","","98.18","","","","","","Clear"
"2018-08-18 23:00","2018","08","18","23:00","8.5","","6.7","","89","","36","","1","","24.1","","98.16","","","","","","NA"
"2018-08-19 00:00","2018","08","19","00:00","7.5","","6.6","","94","","9","","3","","24.1","","98.17","","","","","","NA"
"2018-08-19 01:00","2018","08","19","01:00","6.2","","4.3","","87","","36","","2","","24.1","","98.17","","","","","","Clear"
"2018-08-19 02:00","2018","08","19","02:00","6.2","","4.8","","91","","6","","3","","24.1","","98.16","","","","","","NA"
"2018-08-19 03:00","2018","08","19","03:00","4.7","","4.1","","96","","36","","3","","24.1","","98.16","","","","","","NA"
"2018-08-19 04:00","2018","08","19","04:00","5.2","","3.8","","91","","36","","2","","24.1","","98.16","","","","","","Clear"
"2018-08-19 05:00","2018","08","19","05:00","4.6","","3.5","","92","","7","","3","","24.1","","98.14","","","","","","NA"
"2018-08-19 06:00","2018","08","19","06:00","4.7","","3.3","","90","","36","","1","","24.1","","98.18","","","","","","NA"
"2018-08-19 07:00","2018","08","19","07:00","8.7","","6.9","","88","","0","","1","","24.1","","98.21","","","","","","Mainly Clear"
"2018-08-19 08:00","2018","08","19","08:00","13.9","","10.4","","79","","20","","7","","24.1","","98.28","","","","","","NA"
"2018-08-19 09:00","2018","08","19","09:00","18.7","","10.0","","57","","21","","13","","24.1","","98.23","","","","","","NA"
"2018-08-19 10:00","2018","08","19","10:00","21.4","","11.6","","53","","19","","17","","24.1","","98.18","","","","","","Mainly Clear"
"2018-08-19 11:00","2018","08","19","11:00","23.2","","10.7","","45","","23","","19","","24.1","","98.18","","25","","","","NA"
"2018-08-19 12:00","2018","08","19","12:00","24.4","","11.2","","43","","20","","19","","24.1","","98.17","","26","","","","NA"
"2018-08-19 13:00","2018","08","19","13:00","25.3","","10.8","","40","","22","","19","","24.1","","98.15","","27","","","","Clear"
"2018-08-19 14:00","2018","08","19","14:00","25.7","","10.1","","37","","23","","20","","24.1","","98.10","","27","","","","NA"
"2018-08-19 15:00","2018","08","19","15:00","25.9","","10.6","","38","","23","","16","","24.1","","98.04","","27","","","","NA"
"2018-08-19 16:00","2018","08","19","16:00","26.3","","10.0","","35","","20","","19","","24.1","","98.00","","28","","","","Mainly Clear"
"2018-08-19 17:00","2018","08","19","17:00","25.6","","10.9","","39","","22","","14","","24.1","","98.01","","27","","","","NA"
"2018-08-19 18:00","2018","08","19","18:00","24.6","","11.3","","43","","21","","17","","24.1","","98.05","","27","","","","NA"
"2018-08-19 19:00","2018","08","19","19:00","22.2","","11.3","","50","","19","","13","","24.1","","98.04","","","","","","Mostly Cloudy"
"2018-08-19 20:00","2018","08","19","20:00","19.3","","11.1","","59","","19","","9","","24.1","","98.09","","","","","","NA"
"2018-08-19 21:00","2018","08","19","21:00","17.6","","11.0","","65","","19","","12","","24.1","","98.14","","","","","","NA"
"2018-08-19 22:00","2018","08","19","22:00","17.0","","11.4","","69","","18","","10","","24.1","","98.13","","","","","","Clear"
"2018-08-19 23:00","2018","08","19","23:00","16.6","","11.3","","71","","20","","12","","24.1","","98.16","","","","","","NA"
"2018-08-20 00:00","2018","08","20","00:00","15.9","","11.9","","77","","19","","11","","24.1","","98.19","","","","","","NA"
"2018-08-20 01:00","2018","08","20","01:00","15.5","","12.1","","80","","18","","11","","24.1","","98.20","","","","","","Mostly Cloudy"
"2018-08-20 02:00","2018","08","20","02:00","14.9","","12.0","","83","","21","","6","","24.1","","98.20","","","","","","NA"
"2018-08-20 03:00","2018","08","20","03:00","14.5","","12.3","","87","","20","","8","","24.1","","98.21","","","","","","NA"
"2018-08-20 04:00","2018","08","20","04:00","14.1","","12.2","","88","","21","","5","","24.1","","98.24","","","","","","Mainly Clear"
"2018-08-20 05:00","2018","08","20","05:00","13.7","","12.0","","90","","19","","7","","24.1","","98.27","","","","","","NA"
"2018-08-20 06:00","2018","08","20","06:00","14.2","","12.2","","88","","18","","9","","24.1","","98.31","","","","","","NA"
"2018-08-20 07:00","2018","08","20","07:00","16.1","","13.1","","82","","23","","3","","24.1","","98.37","","","","","","Mostly Cloudy"
"2018-08-20 08:00","2018","08","20","08:00","19.4","","14.4","","73","","23","","10","","24.1","","98.37","","","","","","NA"
"2018-08-20 09:00","2018","08","20","09:00","21.3","","15.9","","71","","24","","7","","24.1","","98.35","","26","","","","NA"
"2018-08-20 10:00","2018","08","20","10:00","23.3","","16.3","","65","","24","","12","","24.1","","98.34","","28","","","","Cloudy"
"2018-08-20 11:00","2018","08","20","11:00","24.6","","14.4","","53","","23","","8","","24.1","","98.31","","28","","","","NA"
"2018-08-20 12:00","2018","08","20","12:00","26.1","","12.3","","42","","22","","17","","24.1","","98.28","","29","","","","NA"
"2018-08-20 13:00","2018","08","20","13:00","26.7","","11.9","","39","","22","","11","","24.1","","98.27","","29","","","","Mostly Cloudy"
"2018-08-20 14:00","2018","08","20","14:00","27.4","","11.7","","37","","17","","11","","24.1","","98.22","","30","","","","NA"
"2018-08-20 15:00","2018","08","20","15:00","26.1","","13.2","","44","","23","","4","","24.1","","98.16","","29","","","","NA"
"2018-08-20 16:00","2018","08","20","16:00","26.0","","13.5","","45","","21","","9","","24.1","","98.15","","29","","","","Cloudy"
"2018-08-20 17:00","2018","08","20","17:00","25.3","","13.9","","49","","21","","12","","24.1","","98.15","","29","","","","NA"
"2018-08-20 18:00","2018","08","20","18:00","23.6","","15.0","","58","","21","","9","","24.1","","98.15","","28","","","","NA"
"2018-08-20 19:00","2018","08","20","19:00","21.1","","14.7","","67","","21","","5","","24.1","","98.18","","25","","","","Cloudy"
"2018-08-20 20:00","2018","08","20","20:00","19.1","","15.0","","77","","36","","2","","24.1","","98.19","","","","","","NA"
"2018-08-20 21:00","2018","08","20","21:00","18.8","","14.4","","75","","36","","2","","24.1","","98.17","","","","","","NA"
"2018-08-20 22:00","2018","08","20","22:00","16.6","","14.3","","86","","6","","7","","24.1","","98.16","","","","","","Cloudy"
"2018-08-20 23:00","2018","08","20","23:00","16.3","","14.4","","89","","8","","7","","24.1","","98.17","","","","","","NA"
"2018-08-21 00:00","2018","08","21","00:00","15.7","","14.6","","93","","7","","7","","24.1","","98.12","","","","","","NA"
"2018-08-21 01:00","2018","08","21","01:00","15.9","","14.6","","92","","36","","1","","24.1","","98.10","","","","","","Mostly Cloudy"
"2018-08-21 02:00","2018","08","21","02:00","16.3","","14.9","","91","","34","","3","","24.1","","98.03","","","","","","NA"
"2018-08-21 03:00","2018","08","21","03:00","15.3","","14.4","","94","","36","","2","","24.1","","97.98","","","","","","NA"
"2018-08-21 04:00","2018","08","21","04:00","15.4","","14.2","","92","","36","","1","","24.1","","97.96","","","","","","Cloudy"
"2018-08-21 05:00","2018","08","21","05:00","15.3","","14.1","","93","","36","","1","","24.1","","97.95","","","","","","NA"
"2018-08-21 06:00","2018","08","21","06:00","15.8","","14.8","","93","","14","","5","","24.1","","97.91","","","","","","NA"
"2018-08-21 07:00","2018","08","21","07:00","17.2","","15.9","","92","","19","","7","","24.1","","97.90","","","","","","Mostly Cloudy"
"2018-08-21 08:00","2018","08","21","08:00","18.9","","16.5","","86","","17","","10","","24.1","","97.86","","","","","","NA"
"2018-08-21 09:00","2018","08","21","09:00","20.1","","17.0","","82","","18","","8","","24.1","","97.82","","25","","","","NA"
"2018-08-21 10:00","2018","08","21","10:00","22.3","","17.5","","74","","25","","5","","24.1","","97.77","","28","","","","Cloudy"
"2018-08-21 11:00","2018","08","21","11:00","23.1","","17.2","","69","","18","","10","","24.1","","97.69","","29","","","","NA"
"2018-08-21 12:00","2018","08","21","12:00","23.1","","17.5","","70","","13","","13","","24.1","","97.64","","29","","","","NA"
"2018-08-21 13:00","2018","08","21","13:00","23.1","","16.5","","66","","16","","15","","24.1","","97.57","","28","","","","Cloudy"
"2018-08-21 14:00","2018","08","21","14:00","23.0","","17.1","","69","","18","","11","","24.1","","97.52","","28","","","","NA"
"2018-08-21 15:00","2018","08","21","15:00","22.7","","16.1","","66","","17","","10","","24.1","","97.47","","27","","","","NA"
"2018-08-21 16:00","2018","08","21","16:00","22.1","","16.5","","70","","15","","9","","24.1","","97.44","","27","","","","Cloudy"
"2018-08-21 17:00","2018","08","21","17:00","18.1","","16.9","","92","","17","","13","","3.6","","97.41","","","","","","Rain Showers,Fog"
"2018-08-21 18:00","2018","08","21","18:00","17.4","","17.0","","97","","3","","7","","16.1","","97.33","","","","","","Rain Showers"
"2018-08-21 19:00","2018","08","21","19:00","17.4","","16.8","","96","","36","","3","","24.1","","97.30","","","","","","Rain,Rain Showers"
"2018-08-21 20:00","2018","08","21","20:00","17.2","","16.5","","95","","36","","17","","9.7","","97.28","","","","","","Rain"
"2018-08-21 21:00","2018","08","21","21:00","16.6","","16.3","","98","","1","","13","","3.6","","97.26","","","","","","Moderate Rain"
"2018-08-21 22:00","2018","08","21","22:00","16.6","","16.4","","98","","2","","18","","4.0","","97.17","","","","","","Rain"
"2018-08-21 23:00","2018","08","21","23:00","16.3","","16.0","","98","","1","","15","","4.0","","97.07","","","","","","Rain"
"2018-08-22 00:00","2018","08","22","00:00","15.5","","15.2","","98","","35","","10","","12.9","","97.04","","","","","","Rain"
"2018-08-22 01:00","2018","08","22","01:00","14.2","","13.9","","98","","34","","17","","4.0","","96.99","","","","","","Rain"
"2018-08-22 02:00","2018","08","22","02:00","13.6","","13.2","","98","","36","","19","","16.1","","96.96","","","","","","Rain"
"2018-08-22 03:00","2018","08","22","03:00","12.9","","12.5","","97","","36","","17","","4.8","","96.94","","","","","","Rain"
"2018-08-22 04:00","2018","08","22","04:00","12.6","","12.1","","97","","35","","17","","24.1","","96.97","","","","","","Rain"
"2018-08-22 05:00","2018","08","22","05:00","11.9","","11.6","","98","","35","","17","","24.1","","97.04","","","","","","Rain"
"2018-08-22 06:00","2018","08","22","06:00","11.4","","10.9","","97","","35","","18","","12.9","","97.12","","","","","","Rain"
"2018-08-22 07:00","2018","08","22","07:00","10.6","","9.8","","95","","34","","21","","16.1","","97.19","","","","","","Cloudy"
"2018-08-22 08:00","2018","08","22","08:00","10.8","","10.0","","95","","33","","12","","24.1","","97.25","","","","","","NA"
"2018-08-22 09:00","2018","08","22","09:00","11.2","","9.4","","89","","33","","18","","24.1","","97.28","","","","","","NA"
"2018-08-22 10:00","2018","08","22","10:00","13.1","","9.6","","79","","34","","18","","24.1","","97.36","","","","","","Mostly Cloudy"
"2018-08-22 11:00","2018","08","22","11:00","14.2","","8.5","","68","","35","","14","","24.1","","97.40","","","","","","NA"
"2018-08-22 12:00","2018","08","22","12:00","15.9","","2.4","","40","","33","","24","","24.1","","97.41","","","","","","NA"
"2018-08-22 13:00","2018","08","22","13:00","18.0","","6.0","","45","","33","","28","","24.1","","97.42","","","","","","Mainly Clear"
"2018-08-22 14:00","2018","08","22","14:00","18.9","","8.6","","51","","34","","12","","24.1","","97.40","","","","","","NA"
"2018-08-22 15:00","2018","08","22","15:00","19.0","","8.3","","50","","33","","12","","24.1","","97.38","","","","","","NA"
"2018-08-22 16:00","2018","08","22","16:00","20.7","","9.4","","48","","33","","14","","24.1","","97.36","","","","","","Mainly Clear"
"2018-08-22 17:00","2018","08","22","17:00","18.4","","8.3","","51","","30","","14","","24.1","","97.41","","","","","","NA"
"2018-08-22 18:00","2018","08","22","18:00","18.2","","9.2","","55","","35","","9","","24.1","","97.43","","","","","","NA"
"2018-08-22 19:00","2018","08","22","19:00","16.8","","8.3","","57","","30","","5","","24.1","","97.46","","","","","","Mainly Clear"
"2018-08-22 20:00","2018","08","22","20:00","12.8","","9.6","","81","","24","","5","","24.1","","97.51","","","","","","NA"
"2018-08-22 21:00","2018","08","22","21:00","10.8","","8.8","","87","","24","","4","","24.1","","97.54","","","","","","NA"
"2018-08-22 22:00","2018","08","22","22:00","9.8","","8.7","","93","","23","","4","","24.1","","97.55","","","","","","Clear"
"2018-08-22 23:00","2018","08","22","23:00","9.7","","9.2","","97","","23","","4","","24.1","","97.53","","","","","","NA"
"2018-08-23 00:00","2018","08","23","00:00","9.5","","8.2","","92","","23","","4","","24.1","","97.52","","","","","","NA"
"2018-08-23 01:00","2018","08","23","01:00","9.4","","9.0","","97","","22","","6","","24.1","","97.50","","","","","","Clear"
"2018-08-23 02:00","2018","08","23","02:00","9.1","","8.7","","97","","23","","5","","24.1","","97.47","","","","","","NA"
"2018-08-23 03:00","2018","08","23","03:00","8.7","","7.8","","94","","24","","4","","24.1","","97.50","","","","","","NA"
"2018-08-23 04:00","2018","08","23","04:00","9.2","","8.7","","96","","20","","4","","24.1","","97.50","","","","","","Clear"
"2018-08-23 05:00","2018","08","23","05:00","8.4","","8.0","","97","","23","","5","","24.1","","97.49","","","","","","NA"
"2018-08-23 06:00","2018","08","23","06:00","8.5","","8.1","","97","","20","","6","","24.1","","97.51","","","","","","NA"
"2018-08-23 07:00","2018","08","23","07:00","11.4","","10.2","","92","","20","","8","","24.1","","97.53","","","","","","Clear"
"2018-08-23 08:00","2018","08","23","08:00","14.5","","11.5","","82","","23","","15","","24.1","","97.54","","","","","","NA"
"2018-08-23 09:00","2018","08","23","09:00","17.3","","11.7","","69","","24","","18","","24.1","","97.50","","","","","","NA"
"2018-08-23 10:00","2018","08","23","10:00","19.1","","11.9","","63","","26","","19","","24.1","","97.48","","","","","","Mostly Cloudy"
"2018-08-23 11:00","2018","08","23","11:00","22.2","","11.5","","50","","24","","20","","24.1","","97.43","","","","","","NA"
"2018-08-23 12:00","2018","08","23","12:00","23.2","","12.7","","51","","23","","22","","24.1","","97.38","","26","","","","NA"
"2018-08-23 13:00","2018","08","23","13:00","24.4","","12.6","","47","","25","","25","","24.1","","97.36","","27","","","","Mainly Clear"
"2018-08-23 14:00","2018","08","23","14:00","25.4","","13.7","","48","","23","","26","","24.1","","97.34","","29","","","","NA"
"2018-08-23 15:00","2018","08","23","15:00","25.4","","13.0","","46","","26","","20","","24.1","","97.33","","28","","","","NA"
"2018-08-23 16:00","2018","08","23","16:00","25.4","","13.4","","47","","24","","18","","24.1","","97.33","","28","","","","Mainly Clear"
"2018-08-23 17:00","2018","08","23","17:00","24.0","","14.8","","56","","23","","11","","16.1","","97.35","","28","","","","NA"
"2018-08-23 18:00","2018","08","23","18:00","21.6","","15.4","","67","","23","","9","","19.3","","97.39","","26","","","","NA"
"2018-08-23 19:00","2018","08","23","19:00","20.0","","14.6","","71","","23","","9","","24.1","","97.45","","","","","","Mostly Cloudy"
"2018-08-23 20:00","2018","08","23","20:00","19.2","","13.6","","70","","25","","8","","19.3","","97.52","","","","","","NA"
"2018-08-23 21:00","2018","08","23","21:00","18.7","","12.9","","68","","23","","10","","24.1","","97.57","","","","","","NA"
"2018-08-23 22:00","2018","08","23","22:00","17.8","","11.7","","67","","24","","13","","24.1","","97.62","","","","","","Mainly Clear"
"2018-08-23 23:00","2018","08","23","23:00","17.1","","10.8","","66","","24","","10","","24.1","","97.67","","","","","","NA"
"2018-08-24 00:00","2018","08","24","00:00","14.7","","10.6","","76","","18","","4","","24.1","","97.72","","","","","","NA"
"2018-08-24 01:00","2018","08","24","01:00","12.8","","10.8","","87","","33","","3","","24.1","","97.78","","","","","","Clear"
"2018-08-24 02:00","2018","08","24","02:00","12.7","","11.4","","92","","2","","7","","24.1","","97.83","","","","","","NA"
"2018-08-24 03:00","2018","08","24","03:00","9.9","","9.4","","97","","36","","2","","24.1","","97.88","","","","","","NA"
"2018-08-24 04:00","2018","08","24","04:00","8.4","","7.9","","96","","13","","5","","24.1","","97.93","","","","","","Mainly Clear"
"2018-08-24 05:00","2018","08","24","05:00","9.1","","8.7","","98","","8","","5","","24.1","","97.96","","","","","","NA"
"2018-08-24 06:00","2018","08","24","06:00","8.9","","8.4","","97","","36","","2","","24.1","","97.97","","","","","","NA"
"2018-08-24 07:00","2018","08","24","07:00","10.9","","9.9","","94","","8","","3","","24.1","","97.99","","","","","","Mainly Clear"
"2018-08-24 08:00","2018","08","24","08:00","15.6","","11.8","","78","","21","","9","","24.1","","98.03","","","","","","NA"
"2018-08-24 09:00","2018","08","24","09:00","19.1","","12.9","","67","","23","","12","","24.1","","98.03","","","","","","NA"
"2018-08-24 10:00","2018","08","24","10:00","21.7","","14.1","","61","","23","","21","","24.1","","98.04","","25","","","","Mainly Clear"
"2018-08-24 11:00","2018","08","24","11:00","23.4","","14.2","","56","","22","","24","","24.1","","98.02","","27","","","","NA"
"2018-08-24 12:00","2018","08","24","12:00","25.1","","15.3","","54","","21","","25","","24.1","","98.00","","29","","","","NA"
"2018-08-24 13:00","2018","08","24","13:00","24.8","","14.6","","52","","24","","23","","24.1","","97.97","","29","","","","Mostly Cloudy"
"2018-08-24 14:00","2018","08","24","14:00","25.8","","14.0","","48","","23","","25","","24.1","","97.96","","29","","","","NA"
"2018-08-24 15:00","2018","08","24","15:00","26.1","","14.9","","50","","22","","26","","24.1","","97.95","","30","","","","NA"
"2018-08-24 16:00","2018","08","24","16:00","23.7","","13.9","","54","","22","","16","","24.1","","97.96","","27","","","","Mostly Cloudy"
"2018-08-24 17:00","2018","08","24","17:00","24.9","","14.3","","51","","22","","19","","24.1","","97.96","","28","","","","NA"
"2018-08-24 18:00","2018","08","24","18:00","23.0","","14.3","","58","","21","","13","","24.1","","97.99","","27","","","","NA"
"2018-08-24 19:00","2018","08","24","19:00","21.9","","14.2","","61","","20","","13","","24.1","","98.01","","25","","","","Mostly Cloudy"
"2018-08-24 20:00","2018","08","24","20:00","21.2","","14.0","","63","","21","","17","","24.1","","98.07","","25","","","","NA"
"2018-08-24 21:00","2018","08","24","21:00","20.6","","13.7","","64","","22","","19","","24.1","","98.12","","","","","","NA"
"2018-08-24 22:00","2018","08","24","22:00","20.1","","13.0","","64","","21","","19","","24.1","","98.17","","","","","","Mostly Cloudy"
"2018-08-24 23:00","2018","08","24","23:00","19.0","","13.1","","68","","22","","13","","24.1","","98.22","","","","","","NA"
"2018-08-25 00:00","2018","08","25","00:00","18.8","","12.8","","68","","21","","14","","24.1","","98.26","","","","","","NA"
"2018-08-25 01:00","2018","08","25","01:00","18.0","","12.8","","71","","20","","12","","24.1","","98.27","","","","","","Mostly Cloudy"
"2018-08-25 02:00","2018","08","25","02:00","17.1","","12.9","","76","","19","","12","","24.1","","98.29","","","","","","NA"
"2018-08-25 03:00","2018","08","25","03:00","16.6","","12.9","","79","","18","","9","","24.1","","98.31","","","","","","NA"
"2018-08-25 04:00","2018","08","25","04:00","16.1","","12.8","","81","","17","","4","","24.1","","98.31","","","","","","Cloudy"
"2018-08-25 05:00","2018","08","25","05:00","15.8","","12.8","","82","","16","","7","","24.1","","98.31","","","","","","NA"
"2018-08-25 06:00","2018","08","25","06:00","15.8","","12.9","","82","","17","","9","","24.1","","98.32","","","","","","NA"
"2018-08-25 07:00","2018","08","25","07:00","16.8","","13.5","","81","","16","","11","","24.1","","98.33","","","","","","Cloudy"
"2018-08-25 08:00","2018","08","25","08:00","18.2","","14.0","","76","","17","","13","","24.1","","98.31","","","","","","NA"
"2018-08-25 09:00","2018","08","25","09:00","19.1","","14.7","","76","","18","","9","","24.1","","98.30","","","","","","NA"
"2018-08-25 10:00","2018","08","25","10:00","20.2","","15.4","","74","","20","","12","","24.1","","98.28","","","","","","Mostly Cloudy"
"2018-08-25 11:00","2018","08","25","11:00","21.6","","15.4","","67","","16","","18","","24.1","","98.23","","26","","","","NA"
"2018-08-25 12:00","2018","08","25","12:00","19.2","","16.0","","81","","18","","16","","12.9","","98.25","","","","","","Rain Showers"
"2018-08-25 13:00","2018","08","25","13:00","18.7","","16.4","","86","","15","","16","","24.1","","98.20","","","","","","Mostly Cloudy"
"2018-08-25 14:00","2018","08","25","14:00","19.7","","15.8","","78","","13","","16","","24.1","","98.14","","","","","","NA"
"2018-08-25 15:00","2018","08","25","15:00","20.9","","15.8","","73","","15","","14","","24.1","","98.11","","25","","","","NA"
"2018-08-25 16:00","2018","08","25","16:00","20.9","","15.6","","71","","14","","13","","24.1","","98.09","","25","","","","Cloudy"
"2018-08-25 17:00","2018","08","25","17:00","20.4","","15.5","","73","","16","","15","","24.1","","98.03","","25","","","","NA"
"2018-08-25 18:00","2018","08","25","18:00","19.0","","16.1","","83","","17","","18","","24.1","","97.99","","","","","","NA"
"2018-08-25 19:00","2018","08","25","19:00","18.2","","16.5","","90","","13","","8","","24.1","","97.93","","","","","","Cloudy"
"2018-08-25 20:00","2018","08","25","20:00","18.1","","16.8","","92","","12","","9","","19.3","","97.91","","","","","","Rain Showers"
"2018-08-25 21:00","2018","08","25","21:00","18.1","","17.2","","95","","12","","12","","24.1","","97.87","","","","","","Rain Showers"
"2018-08-25 22:00","2018","08","25","22:00","17.9","","17.6","","98","","15","","8","","16.1","","97.82","","","","","","Rain Showers"
"2018-08-25 23:00","2018","08","25","23:00","18.1","","17.8","","99","","16","","5","","19.3","","97.78","","","","","","Rain Showers"
"2018-08-26 00:00","2018","08","26","00:00","17.8","","17.7","","99","","17","","5","","24.1","","97.72","","","","","","NA"
"2018-08-26 01:00","2018","08","26","01:00","18.2","","18.0","","98","","16","","5","","24.1","","97.69","","","","","","Cloudy"
"2018-08-26 02:00","2018","08","26","02:00","18.0","","17.9","","99","","9","","4","","12.9","","97.63","","","","","","Rain Showers"
"2018-08-26 03:00","2018","08","26","03:00","18.2","","18.1","","100","","19","","3","","6.4","","97.60","","","","","","Rain Showers,Fog"
"2018-08-26 04:00","2018","08","26","04:00","18.3","","18.2","","100","","21","","7","","6.4","","97.58","","","","","","Rain Showers,Fog"
"2018-08-26 05:00","2018","08","26","05:00","18.2","","18.2","","100","","23","","8","","6.4","","97.56","","","","","","Rain Showers,Fog"
"2018-08-26 06:00","2018","08","26","06:00","18.1","","18.1","","100","","26","","7","","2.4","","97.59","","","","","","Drizzle,Fog"
"2018-08-26 07:00","2018","08","26","07:00","18.1","","18.1","","100","","28","","7","","2.4","","97.63","","","","","","Drizzle,Fog"
"2018-08-26 08:00","2018","08","26","08:00","18.6","","18.4","","98","","29","","7","","8.1","","97.65","","","","","","Fog"
"2018-08-26 09:00","2018","08","26","09:00","19.4","","18.4","","94","","28","","14","","16.1","","97.68","","","","","","NA"
"2018-08-26 10:00","2018","08","26","10:00","19.6","","18.0","","91","","28","","11","","24.1","","97.69","","","","","","Cloudy"
"2018-08-26 11:00","2018","08","26","11:00","19.8","","18.2","","90","","28","","13","","24.1","","97.68","","","","","","NA"
"2018-08-26 12:00","2018","08","26","12:00","20.2","","17.7","","86","","28","","14","","24.1","","97.71","","26","","","","NA"
"2018-08-26 13:00","2018","08","26","13:00","20.3","","17.9","","86","","26","","14","","24.1","","97.74","","26","","","","Cloudy"
"2018-08-26 14:00","2018","08","26","14:00","20.9","","17.7","","82","","26","","18","","24.1","","97.78","","27","","","","NA"
"2018-08-26 15:00","2018","08","26","15:00","22.3","","17.6","","74","","28","","13","","24.1","","97.75","","28","","","","NA"
"2018-08-26 16:00","2018","08","26","16:00","23.5","","18.2","","72","","27","","10","","24.1","","97.80","","30","","","","Mostly Cloudy"
"2018-08-26 17:00","2018","08","26","17:00","23.2","","18.2","","73","","27","","10","","24.1","","97.80","","29","","","","NA"
"2018-08-26 18:00","2018","08","26","18:00","22.5","","18.4","","78","","24","","13","","24.1","","97.79","","29","","","","NA"
"2018-08-26 19:00","2018","08","26","19:00","20.4","","18.2","","87","","20","","4","","24.1","","97.77","","27","","","","Mainly Clear"
"2018-08-26 20:00","2018","08","26","20:00","19.2","","17.8","","92","","22","","7","","24.1","","97.82","","","","","","NA"
"2018-08-26 21:00","2018","08","26","21:00","18.4","","16.9","","91","","21","","5","","24.1","","97.88","","","","","","NA"
"2018-08-26 22:00","2018","08","26","22:00","17.7","","17.3","","97","","23","","5","","24.1","","97.91","","","","","","Mostly Cloudy"
"2018-08-26 23:00","2018","08","26","23:00","17.4","","17.0","","98","","24","","7","","24.1","","97.94","","","","","","NA"
"2018-08-27 00:00","2018","08","27","00:00","17.1","","16.5","","96","","24","","10","","24.1","","97.92","","","","","","NA"
"2018-08-27 01:00","2018","08","27","01:00","16.5","","15.9","","96","","19","","9","","24.1","","97.89","","","","","","Mainly Clear"
"2018-08-27 02:00","2018","08","27","02:00","15.8","","15.5","","98","","19","","4","","24.1","","97.87","","","","","","NA"
"2018-08-27 03:00","2018","08","27","03:00","15.5","","15.3","","99","","19","","8","","24.1","","97.87","","","","","","NA"
"2018-08-27 04:00","2018","08","27","04:00","15.3","","15.2","","99","","19","","9","","24.1","","97.85","","","","","","Clear"
"2018-08-27 05:00","2018","08","27","05:00","15.2","","15.1","","100","","18","","6","","24.1","","97.82","","","","","","NA"
"2018-08-27 06:00","2018","08","27","06:00","16.0","","16.0","","100","","17","","9","","24.1","","97.82","","","","","","NA"
"2018-08-27 07:00","2018","08","27","07:00","16.5","","16.3","","99","","19","","12","","24.1","","97.87","","","","","","Mostly Cloudy"
"2018-08-27 08:00","2018","08","27","08:00","16.7","","16.5","","99","","18","","14","","24.1","","97.86","","","","","","NA"
"2018-08-27 09:00","2018","08","27","09:00","18.1","","17.3","","95","","19","","14","","24.1","","97.82","","","","","","NA"
"2018-08-27 10:00","2018","08","27","10:00","18.9","","17.6","","92","","19","","12","","24.1","","97.75","","","","","","Rain Showers"
"2018-08-27 11:00","2018","08","27","11:00","19.4","","17.9","","91","","19","","13","","19.3","","97.76","","","","","","NA"
"2018-08-27 12:00","2018","08","27","12:00","22.1","","18.3","","79","","21","","24","","24.1","","97.62","","28","","","","NA"
"2018-08-27 13:00","2018","08","27","13:00","22.4","","18.0","","76","","20","","23","","24.1","","97.56","","28","","","","Cloudy"
"2018-08-27 14:00","2018","08","27","14:00","21.9","","18.5","","81","","22","","23","","24.1","","97.53","","28","","","","NA"
"2018-08-27 15:00","2018","08","27","15:00","21.3","","18.6","","84","","20","","24","","24.1","","97.50","","28","","","","NA"
"2018-08-27 16:00","2018","08","27","16:00","20.9","","18.9","","88","","20","","21","","24.1","","97.44","","28","","","","Cloudy"
"2018-08-27 17:00","2018","08","27","17:00","21.4","","19.4","","88","","22","","18","","24.1","","97.38","","28","","","","NA"
"2018-08-27 18:00","2018","08","27","18:00","21.3","","19.5","","89","","20","","18","","24.1","","97.36","","28","","","","NA"
"2018-08-27 19:00","2018","08","27","19:00","20.5","","19.7","","95","","21","","14","","8.1","","97.36","","28","","","","Fog"
"2018-08-27 20:00","2018","08","27","20:00","20.7","","19.5","","93","","22","","15","","24.1","","97.37","","28","","","","NA"
"2018-08-27 21:00","2018","08","27","21:00","20.4","","19.3","","93","","20","","17","","24.1","","97.36","","27","","","","NA"
"2018-08-27 22:00","2018","08","27","22:00","20.7","","19.4","","92","","21","","14","","24.1","","97.39","","28","","","","Mostly Cloudy"
"2018-08-27 23:00","2018","08","27","23:00","20.8","","19.4","","92","","23","","20","","24.1","","97.35","","28","","","","NA"
"2018-08-28 00:00","2018","08","28","00:00","20.4","","19.4","","94","","22","","17","","24.1","","97.32","","27","","","","NA"
"2018-08-28 01:00","2018","08","28","01:00","20.3","","19.5","","95","","22","","19","","24.1","","97.24","","27","","","","Mainly Clear"
"2018-08-28 02:00","2018","08","28","02:00","20.3","","19.5","","95","","22","","18","","24.1","","97.20","","27","","","","NA"
"2018-08-28 03:00","2018","08","28","03:00","19.9","","19.2","","96","","20","","7","","24.1","","97.14","","","","","","NA"
"2018-08-28 04:00","2018","08","28","04:00","19.5","","19.1","","98","","17","","10","","24.1","","97.01","","","","","","Mostly Cloudy"
"2018-08-28 05:00","2018","08","28","05:00","19.8","","19.6","","99","","18","","18","","6.4","","97.00","","","","","","Rain"
"2018-08-28 06:00","2018","08","28","06:00","20.6","","20.4","","98","","17","","24","","4.0","","96.85","","29","","","","Rain Showers,Fog"
"2018-08-28 07:00","2018","08","28","07:00","20.1","","19.4","","96","","18","","23","","12.9","","96.73","","27","","","","Rain Showers"
"2018-08-28 08:00","2018","08","28","08:00","21.2","","20.5","","96","","20","","21","","12.9","","96.71","","29","","","","NA"
"2018-08-28 09:00","2018","08","28","09:00","21.4","","20.5","","95","","22","","28","","16.1","","96.65","","29","","","","Rain Showers"
"2018-08-28 10:00","2018","08","28","10:00","21.5","","20.0","","91","","23","","26","","16.1","","96.65","","29","","","","Rain Showers"
"2018-08-28 11:00","2018","08","28","11:00","18.3","","16.4","","88","","27","","36","","24.1","","96.94","","","","","","NA"
"2018-08-28 12:00","2018","08","28","12:00","14.7","","12.4","","86","","29","","28","","16.1","","97.29","","","","","","Drizzle"
"2018-08-28 13:00","2018","08","28","13:00","15.2","","12.8","","85","","31","","15","","24.1","","97.47","","","","","","Cloudy"
"2018-08-28 14:00","2018","08","28","14:00","14.5","","12.7","","89","","31","","20","","16.1","","97.64","","","","","","Drizzle"
"2018-08-28 15:00","2018","08","28","15:00","14.5","","11.4","","82","","33","","22","","24.1","","97.71","","","","","","NA"
"2018-08-28 16:00","2018","08","28","16:00","14.1","","11.3","","83","","31","","14","","24.1","","97.78","","","","","","Cloudy"
"2018-08-28 17:00","2018","08","28","17:00","13.3","","11.8","","90","","33","","12","","24.1","","97.75","","","","","","NA"
"2018-08-28 18:00","2018","08","28","18:00","12.8","","11.2","","90","","1","","12","","24.1","","97.74","","","","","","NA"
"2018-08-28 19:00","2018","08","28","19:00","12.3","","11.1","","92","","2","","10","","24.1","","97.84","","","","","","Cloudy"
"2018-08-28 20:00","2018","08","28","20:00","12.3","","10.9","","91","","2","","7","","24.1","","97.94","","","","","","NA"
"2018-08-28 21:00","2018","08","28","21:00","12.1","","10.7","","91","","2","","9","","24.1","","97.94","","","","","","NA"
"2018-08-28 22:00","2018","08","28","22:00","11.8","","10.7","","93","","5","","11","","24.1","","97.94","","","","","","Cloudy"
"2018-08-28 23:00","2018","08","28","23:00","11.5","","10.2","","92","","6","","10","","24.1","","97.87","","","","","","NA"
"2018-08-29 00:00","2018","08","29","00:00","11.2","","10.1","","93","","7","","8","","24.1","","97.92","","","","","","NA"
"2018-08-29 01:00","2018","08","29","01:00","10.9","","10.4","","97","","9","","9","","24.1","","97.85","","","","","","Rain"
"2018-08-29 02:00","2018","08","29","02:00","10.7","","10.4","","98","","8","","9","","8.1","","97.77","","","","","","Rain"
"2018-08-29 03:00","2018","08","29","03:00","10.4","","10.2","","99","","3","","12","","24.1","","97.72","","","","","","Rain"
"2018-08-29 04:00","2018","08","29","04:00","10.1","","9.9","","99","","7","","7","","24.1","","97.69","","","","","","Rain"
"2018-08-29 05:00","2018","08","29","05:00","10.1","","9.7","","97","","6","","15","","24.1","","97.58","","","","","","Drizzle"
"2018-08-29 06:00","2018","08","29","06:00","9.7","","9.4","","98","","6","","10","","12.9","","97.58","","","","","","Drizzle"
"2018-08-29 07:00","2018","08","29","07:00","9.7","","9.4","","98","","4","","13","","24.1","","97.51","","","","","","Cloudy"
"2018-08-29 08:00","2018","08","29","08:00","9.4","","9.1","","98","","5","","17","","4.8","","97.47","","","","","","Drizzle,Fog"
"2018-08-29 09:00","2018","08","29","09:00","9.4","","9.0","","97","","4","","16","","12.9","","97.50","","","","","","Drizzle"
"2018-08-29 10:00","2018","08","29","10:00","9.0","","8.7","","98","","36","","22","","4.0","","97.65","","","","","","Rain,Fog"
"2018-08-29 11:00","2018","08","29","11:00","8.6","","8.1","","97","","1","","20","","4.0","","97.71","","","","","","Rain,Fog"
"2018-08-29 12:00","2018","08","29","12:00","8.8","","8.2","","96","","4","","9","","4.8","","97.72","","","","","","Rain Showers,Fog"
"2018-08-29 13:00","2018","08","29","13:00","9.4","","8.1","","91","","3","","13","","24.1","","97.72","","","","","","Rain Showers"
"2018-08-29 14:00","2018","08","29","14:00","9.5","","8.6","","94","","35","","14","","6.4","","97.91","","","","","","Rain Showers,Fog"
"2018-08-29 15:00","2018","08","29","15:00","9.9","","8.7","","92","","36","","17","","16.1","","97.88","","","","","","NA"
"2018-08-29 16:00","2018","08","29","16:00","9.8","","8.2","","89","","2","","18","","24.1","","97.95","","","","","","Cloudy"
"2018-08-29 17:00","2018","08","29","17:00","9.9","","7.6","","86","","36","","18","","24.1","","97.99","","","","","","NA"
"2018-08-29 18:00","2018","08","29","18:00","9.3","","7.8","","90","","35","","13","","24.1","","98.07","","","","","","NA"
"2018-08-29 19:00","2018","08","29","19:00","8.9","","7.8","","93","","35","","11","","24.1","","98.15","","","","","","Cloudy"
"2018-08-29 20:00","2018","08","29","20:00","8.7","","7.6","","93","","36","","10","","24.1","","98.25","","","","","","NA"
"2018-08-29 21:00","2018","08","29","21:00","7.8","","7.2","","96","","1","","7","","24.1","","98.33","","","","","","NA"
"2018-08-29 22:00","2018","08","29","22:00","7.1","","6.6","","97","","1","","8","","24.1","","98.37","","","","","","Mainly Clear"
"2018-08-29 23:00","2018","08","29","23:00","6.4","","6.0","","97","","1","","5","","24.1","","98.44","","","","","","NA"
"2018-08-30 00:00","2018","08","30","00:00","4.6","","4.5","","100","","36","","1","","24.1","","98.52","","","","","","NA"
"2018-08-30 01:00","2018","08","30","01:00","3.0","","2.8","","99","","34","","3","","24.1","","98.57","","","","","","Clear"
"2018-08-30 02:00","2018","08","30","02:00","1.6","","1.3","","97","","0","","1","","24.1","","98.63","","","","","","NA"
"2018-08-30 03:00","2018","08","30","03:00","1.2","","1.1","","99","","36","","1","","4.8","","98.69","","","","","","Fog"
"2018-08-30 04:00","2018","08","30","04:00","0.9","","0.7","","99","","36","","2","","3.2","","98.71","","","","","","Fog"
"2018-08-30 05:00","2018","08","30","05:00","0.4","","0.4","","100","","23","","4","","0.4","","98.78","","","","","","Fog"
"2018-08-30 06:00","2018","08","30","06:00","0.7","","0.7","","100","","20","","4","","0.6","","98.87","","","","","","Fog"
"2018-08-30 07:00","2018","08","30","07:00","4.2","","4.2","","100","","3","","4","","0.8","","98.94","","","","","","Fog"
"2018-08-30 08:00","2018","08","30","08:00","5.6","","5.6","","100","","2","","5","","1.2","","98.96","","","","","","Fog"
"2018-08-30 09:00","2018","08","30","09:00","7.7","","7.0","","95","","3","","5","","16.1","","99.00","","","","","","NA"
"2018-08-30 10:00","2018","08","30","10:00","10.8","","6.9","","77","","3","","4","","24.1","","99.00","","","","","","Mostly Cloudy"
"2018-08-30 11:00","2018","08","30","11:00","10.7","","5.9","","72","","35","","4","","24.1","","99.02","","","","","","NA"
"2018-08-30 12:00","2018","08","30","12:00","11.5","","6.0","","69","","36","","3","","24.1","","99.02","","","","","","NA"
"2018-08-30 13:00","2018","08","30","13:00","12.3","","7.3","","71","","13","","5","","24.1","","99.02","","","","","","Mostly Cloudy"
"2018-08-30 14:00","2018","08","30","14:00","13.6","","7.8","","68","","26","","4","","24.1","","98.95","","","","","","NA"
"2018-08-30 15:00","2018","08","30","15:00","14.4","","6.7","","59","","22","","7","","24.1","","98.92","","","","","","NA"
"2018-08-30 16:00","2018","08","30","16:00","14.8","","7.3","","61","","20","","7","","24.1","","98.90","","","","","","Mainly Clear"
"2018-08-30 17:00","2018","08","30","17:00","15.0","","7.7","","61","","29","","4","","24.1","","98.88","","","","","","NA"
"2018-08-30 18:00","2018","08","30","18:00","14.5","","8.3","","66","","0","","1","","24.1","","98.86","","","","","","NA"
"2018-08-30 19:00","2018","08","30","19:00","12.7","","9.5","","81","","10","","3","","24.1","","98.87","","","","","","Clear"
"2018-08-30 20:00","2018","08","30","20:00","9.4","","8.6","","95","","7","","5","","24.1","","98.91","","","","","","NA"
"2018-08-30 21:00","2018","08","30","21:00","8.6","","7.7","","94","","36","","3","","24.1","","98.91","","","","","","NA"
"2018-08-30 22:00","2018","08","30","22:00","7.9","","7.2","","95","","12","","4","","24.1","","98.90","","","","","","Clear"
"2018-08-30 23:00","2018","08","30","23:00","8.0","","7.3","","95","","13","","4","","24.1","","98.88","","","","","","NA"
"2018-08-31 00:00","2018","08","31","00:00","7.3","","6.6","","95","","17","","5","","24.1","","98.87","","","","","","NA"
"2018-08-31 01:00","2018","08","31","01:00","7.0","","6.5","","97","","15","","5","","24.1","","98.86","","","","","","Clear"
"2018-08-31 02:00","2018","08","31","02:00","6.5","","6.2","","98","","18","","5","","24.1","","98.85","","","","","","NA"
"2018-08-31 03:00","2018","08","31","03:00","7.4","","6.7","","95","","16","","8","","24.1","","98.88","","","","","","NA"
"2018-08-31 04:00","2018","08","31","04:00","7.4","","6.6","","95","","16","","10","","24.1","","98.89","","","","","","Clear"
"2018-08-31 05:00","2018","08","31","05:00","7.7","","6.8","","93","","16","","8","","24.1","","98.90","","","","","","NA"
"2018-08-31 06:00","2018","08","31","06:00","7.7","","6.8","","94","","16","","11","","24.1","","98.90","","","","","","NA"
"2018-08-31 07:00","2018","08","31","07:00","10.1","","8.5","","90","","17","","10","","24.1","","98.92","","","","","","Clear"
"2018-08-31 08:00","2018","08","31","08:00","12.8","","9.8","","82","","18","","17","","24.1","","98.88","","","","","","NA"
"2018-08-31 09:00","2018","08","31","09:00","15.1","","10.2","","73","","18","","20","","24.1","","98.81","","","","","","NA"
"2018-08-31 10:00","2018","08","31","10:00","17.4","","10.7","","64","","19","","17","","24.1","","98.78","","","","","","Clear"
"2018-08-31 11:00","2018","08","31","11:00","19.3","","10.1","","55","","21","","18","","24.1","","98.81","","","","","","NA"
"2018-08-31 12:00","2018","08","31","12:00","20.8","","8.0","","43","","18","","26","","24.1","","98.77","","","","","","NA"
"2018-08-31 13:00","2018","08","31","13:00","21.6","","8.2","","42","","18","","25","","24.1","","98.68","","","","","","Mainly Clear"
"2018-08-31 14:00","2018","08","31","14:00","22.1","","8.7","","42","","20","","25","","24.1","","98.61","","","","","","NA"
"2018-08-31 15:00","2018","08","31","15:00","21.5","","6.8","","38","","18","","25","","24.1","","98.50","","","","","","NA"
"2018-08-31 16:00","2018","08","31","16:00","21.0","","7.4","","41","","18","","20","","24.1","","98.38","","","","","","Mostly Cloudy"
"2018-08-31 17:00","2018","08","31","17:00","21.4","","7.8","","41","","19","","26","","24.1","","98.43","","","","","","NA"
"2018-08-31 18:00","2018","08","31","18:00","19.9","","9.8","","52","","19","","12","","24.1","","98.44","","","","","","NA"
"2018-08-31 19:00","2018","08","31","19:00","17.6","","9.2","","57","","17","","11","","24.1","","98.40","","","","","","Mainly Clear"
"2018-08-31 20:00","2018","08","31","20:00","16.0","","10.0","","67","","18","","11","","24.1","","98.39","","","","","","NA"
"2018-08-31 21:00","2018","08","31","21:00","15.4","","10.9","","74","","17","","13","","24.1","","98.37","","","","","","NA"
"2018-08-31 22:00","2018","08","31","22:00","14.9","","11.4","","79","","17","","12","","24.1","","98.36","","","","","","Mainly Clear"
"2018-08-31 23:00","2018","08","31","23:00","15.1","","12.0","","81","","18","","16","","24.1","","98.38","","","","","","NA"
